"study_id","analysis_id","analysis_summary","metabolite_name","metabolite_id","refmet_name","units","Control_AKLA.","Control_AMDI.","Control_BABI.","Control_BACO.","Control_BADA.","Control_CECA.","Control_COMA.","Control_DIEM.","Control_DIMA31.","Control_DOMA.","Control_EMYA.","Control_FAAH.","Control_FAKA.","Control_FAND.","Control_HABA.","Control_HOLE.","Control_IBGA.","Control_KHGU.","Control_MAMB.","Control_MBKH.","Control_MEPA.","Control_MOKE.","Control_NDFA25.","Control_NDGU23.","Control_NGEU.","Control_NZFE.","Control_PAMA.","Control_RAFA.","Control_SAAD.","Control_SAAL.","Control_SACA23.","Control_SADI.","Control_SALL.","Control_SESO.","T2D_BASA.","T2D_CAFA.","T2D_CODI.","T2D_DAFA60.","T2D_DIDA.","T2D_DIFA.","T2D_DIFA37.","T2D_DIKH.","T2D_DSMA.","T2D_FAAS.","T2D_FAOU.","T2D_GUOU.","T2D_GUSA.","T2D_KAAD.","T2D_LEWA.","T2D_MADI52.","T2D_MBPA.","T2D_MOMB.","T2D_NDFA.","T2D_NDMO.","T2D_NDND.","T2D_NDOU.","T2D_NDPA.","T2D_NIIB.","T2D_SADI.","T2D_SAKH.","T2D_SAMO11.","T2D_SASE.","T2D_SODA.","T2D_SOFA.","T2D_THAN.","Control_AKLA..1","Control_AMDI..1","Control_BABI..1","Control_BACO..1","Control_BADA..1","Control_CECA..1","Control_COMA..1","Control_DIEM..1","Control_DIMA31..1","Control_DOMA..1","Control_EMYA..1","Control_FAAH..1","Control_FAKA..1","Control_FAND..1","Control_HABA..1","Control_HOLE..1","Control_IBGA..1","Control_KHGU..1","Control_MAMB..1","Control_MBKH..1","Control_MEPA..1","Control_MOKE..1","Control_NDFA25..1","Control_NDGU23..1","Control_NGEU..1","Control_NZFE..1","Control_PAMA..1","Control_RAFA..1","Control_SAAD..1","Control_SAAL..1","Control_SACA23..1","Control_SADI..1","Control_SALL..1","Control_SESO..1","T2D_BASA..1","T2D_CAFA..1","T2D_CODI..1","T2D_DAFA60..1","T2D_DIDA..1","T2D_DIFA..1","T2D_DIFA37..1","T2D_DIKH..1","T2D_DSMA..1","T2D_FAAS..1","T2D_FAOU..1","T2D_GUOU..1","T2D_GUSA..1","T2D_KAAD..1","T2D_LEWA..1","T2D_MADI52..1","T2D_MBPA..1","T2D_MOMB..1","T2D_NDFA..1","T2D_NDMO..1","T2D_NDND..1","T2D_NDOU..1","T2D_NDPA..1","T2D_NIIB..1","T2D_SADI..1","T2D_SAKH..1","T2D_SAMO11..1","T2D_SASE..1","T2D_SODA..1","T2D_SOFA..1","T2D_THAN..1"
"ST002681","AN004354","Reversed phase NEGATIVE ION MODE","1-4-beta-D-Xylan","ME634156","","AU",190000,202000,113000,64700,87400,175000,246000,211000,131000,133000,256000,179000,102000,171000,88700,509000,231000,59100,76100,133000,142000,166000,139000,260000,189000,168000,89600,37600,115000,161000,116000,313000,190000,173000,306000,481000,127000,346000,123000,133000,85900,155000,125000,272000,229000,207000,131000,154000,407000,139000,152000,295000,359000,172000,442000,281000,332000,71600,85300,120000,126000,224000,156000,154000,390000,559000,480000,1040000,849000,520000,382000,1260000,464000,420000,567000,960000,1050000,471000,461000,881000,1060000,971000,766000,597000,930000,327000,482000,1010000,853000,496000,577000,647000,354000,740000,622000,555000,696000,476000,570000,874000,1190000,1380000,763000,550000,413000,894000,1370000,390000,593000,490000,379000,680000,941000,1280000,592000,1240000,1950000,609000,1100000,1700000,612000,804000,532000,1460000,2560000,569000,711000,846000,1440000,1490000
"ST002681","AN004354","Reversed phase NEGATIVE ION MODE","2-3-Bisphosphoglycerate","ME634133","","AU",190000,202000,113000,64700,87400,175000,246000,211000,131000,133000,256000,179000,102000,171000,88700,509000,231000,59100,76100,133000,142000,166000,139000,260000,189000,168000,89600,37600,115000,161000,116000,313000,190000,173000,306000,481000,127000,346000,123000,133000,85900,155000,125000,272000,229000,207000,131000,154000,407000,139000,152000,295000,359000,172000,442000,281000,332000,71600,85300,120000,126000,224000,156000,154000,390000,214000,15600,36400,305000,11000,12300,5790,40600,58900,171000,12200,59500,277000,38500,478000,13600,7550,691000,15800,39500,19300,9870,388000,5410,17000,47700,161000,190000,32400,21900,35600,11100,13100,7590,109000,17100,12000,21200,14600,17700,12600,29400,140000,13100,29500,98700,25600,91100,32700,123000,78700,129000,22000,13300,13200,109000,14300,28200,115000,7220,12500,12500,81500,33900,27300
"ST002681","AN004354","Reversed phase NEGATIVE ION MODE","2-3-Dinor-8-iso prostaglandin F2alpha","ME634200","","AU",190000,202000,113000,64700,87400,175000,246000,211000,131000,133000,256000,179000,102000,171000,88700,509000,231000,59100,76100,133000,142000,166000,139000,260000,189000,168000,89600,37600,115000,161000,116000,313000,190000,173000,306000,481000,127000,346000,123000,133000,85900,155000,125000,272000,229000,207000,131000,154000,407000,139000,152000,295000,359000,172000,442000,281000,332000,71600,85300,120000,126000,224000,156000,154000,390000,8000,6670,11400,25300,9850,9170,23100,7240,8840,9070,15800,15800,10600,6620,9350,23100,14300,16200,12800,30000,6830,10300,12300,12600,6570,9790,10200,7130,22400,10000,11300,12200,7520,8560,9860,33300,49500,29400,9910,6890,22600,14000,6560,32500,9540,11900,10900,22000,15300,8890,10900,15800,21400,18100,9200,48300,25400,8930,9420,18300,8930,12400,9400,10800,27700
"ST002681","AN004354","Reversed phase NEGATIVE ION MODE","2/3-Phospho-D-glycerate","ME634134","2-Phosphoglyceric acid","AU",190000,202000,113000,64700,87400,175000,246000,211000,131000,133000,256000,179000,102000,171000,88700,509000,231000,59100,76100,133000,142000,166000,139000,260000,189000,168000,89600,37600,115000,161000,116000,313000,190000,173000,306000,481000,127000,346000,123000,133000,85900,155000,125000,272000,229000,207000,131000,154000,407000,139000,152000,295000,359000,172000,442000,281000,332000,71600,85300,120000,126000,224000,156000,154000,390000,56300,71200,133000,133000,14400,11100,70000,67100,86800,36800,133000,44500,81000,179000,155000,92400,114000,486000,124000,140000,44200,97700,152000,115000,27300,56800,116000,14000,531000,61300,28200,25100,91400,66000,67000,360000,541000,303000,89200,118000,253000,128000,111000,426000,81900,608000,54100,178000,350000,55600,150000,279000,267000,354000,126000,423000,897000,26500,23000,462000,16100,25200,201000,55500,646000
"ST002681","AN004354","Reversed phase NEGATIVE ION MODE","2-Hydroxyglutarate","ME634149","2-Hydroxyglutaric acid","AU",190000,202000,113000,64700,87400,175000,246000,211000,131000,133000,256000,179000,102000,171000,88700,509000,231000,59100,76100,133000,142000,166000,139000,260000,189000,168000,89600,37600,115000,161000,116000,313000,190000,173000,306000,481000,127000,346000,123000,133000,85900,155000,125000,272000,229000,207000,131000,154000,407000,139000,152000,295000,359000,172000,442000,281000,332000,71600,85300,120000,126000,224000,156000,154000,390000,112000,66300,558000,555000,74100,110000,419000,78600,1e+05,72200,504000,624000,91100,112000,337000,242000,587000,579000,171000,555000,72700,71300,392000,417000,96800,157000,190000,73800,821000,145000,75100,156000,66500,185000,217000,672000,779000,566000,129000,113000,520000,577000,98900,621000,116000,137000,187000,496000,530000,125000,123000,728000,508000,839000,136000,542000,595000,160000,117000,780000,138000,88500,113000,131000,920000
"ST002681","AN004354","Reversed phase NEGATIVE ION MODE","2-Oxoglutarate","ME634145","2-Oxoglutaric acid","AU",190000,202000,113000,64700,87400,175000,246000,211000,131000,133000,256000,179000,102000,171000,88700,509000,231000,59100,76100,133000,142000,166000,139000,260000,189000,168000,89600,37600,115000,161000,116000,313000,190000,173000,306000,481000,127000,346000,123000,133000,85900,155000,125000,272000,229000,207000,131000,154000,407000,139000,152000,295000,359000,172000,442000,281000,332000,71600,85300,120000,126000,224000,156000,154000,390000,182000,415000,540000,580000,180000,266000,743000,219000,318000,172000,703000,479000,150000,298000,338000,460000,621000,434000,772000,562000,145000,175000,426000,586000,360000,3e+05,299000,331000,1140000,366000,283000,381000,275000,309000,309000,690000,299000,733000,308000,96800,526000,568000,204000,831000,154000,236000,359000,624000,271000,317000,273000,935000,476000,491000,1370000,423000,487000,142000,298000,176000,978000,150000,269000,246000,971000
"ST002681","AN004354","Reversed phase NEGATIVE ION MODE","3alpha-7alpha-12alpha-Trihydroxy-5beta-cholate","ME634186","","AU",190000,202000,113000,64700,87400,175000,246000,211000,131000,133000,256000,179000,102000,171000,88700,509000,231000,59100,76100,133000,142000,166000,139000,260000,189000,168000,89600,37600,115000,161000,116000,313000,190000,173000,306000,481000,127000,346000,123000,133000,85900,155000,125000,272000,229000,207000,131000,154000,407000,139000,152000,295000,359000,172000,442000,281000,332000,71600,85300,120000,126000,224000,156000,154000,390000,19700,9220,214000,22400,18100,13100,41800,7750,20000,18800,73300,160000,4290,6090,133000,38600,165000,912000,20900,116000,1830,2980,75900,65300,13900,9350,26800,8240,657000,11500,182000,6570,4070,122000,30000,224000,243000,49600,9940,2840,28100,33400,6330,401000,8140,89900,138000,25000,252000,5080,7060,28100,51700,151000,280000,615000,213000,4270,28900,67300,195000,4200,6120,5620,372000
"ST002681","AN004354","Reversed phase NEGATIVE ION MODE","4-Pyridoxate","ME634129","4-Pyridoxic acid","AU",190000,202000,113000,64700,87400,175000,246000,211000,131000,133000,256000,179000,102000,171000,88700,509000,231000,59100,76100,133000,142000,166000,139000,260000,189000,168000,89600,37600,115000,161000,116000,313000,190000,173000,306000,481000,127000,346000,123000,133000,85900,155000,125000,272000,229000,207000,131000,154000,407000,139000,152000,295000,359000,172000,442000,281000,332000,71600,85300,120000,126000,224000,156000,154000,390000,34100,23800,NA,77700,21300,9380,52900,11200,15400,24900,55600,106000,5300,10400,433,253000,62800,19100,31300,38300,3810,9010,32500,33900,7810,9630,NA,NA,28200,17300,4570,18200,8400,11100,27000,70800,22600,206000,12300,6440,80200,16900,NA,56200,12300,13100,22900000,156000,35400,20300,59100,470000,95800,661000,18000,109000,414000,36300,10700,20400,9270,14500,16000,17300,240000
"ST002681","AN004354","Reversed phase NEGATIVE ION MODE","(7Z-10Z-13Z-16Z-19Z)-Docosa-7-10-13-16-19-pentaenoic acid","ME634185","DPA","AU",190000,202000,113000,64700,87400,175000,246000,211000,131000,133000,256000,179000,102000,171000,88700,509000,231000,59100,76100,133000,142000,166000,139000,260000,189000,168000,89600,37600,115000,161000,116000,313000,190000,173000,306000,481000,127000,346000,123000,133000,85900,155000,125000,272000,229000,207000,131000,154000,407000,139000,152000,295000,359000,172000,442000,281000,332000,71600,85300,120000,126000,224000,156000,154000,390000,925000,1020000,2590000,4360000,881000,412000,2950000,494000,790000,897000,3010000,2550000,933000,428000,1660000,581000,3210000,2090000,405000,1630000,390000,528000,2380000,5380000,549000,672000,460000,241000,2050000,718000,253000,952000,444000,542000,690000,2770000,7660000,4380000,489000,965000,2720000,3890000,387000,2040000,724000,903000,1e+06,5580000,3690000,916000,829000,3570000,3540000,4360000,2210000,3710000,3800000,91900,1680000,6420000,495000,712000,948000,423000,3250000
"ST002681","AN004354","Reversed phase NEGATIVE ION MODE","(8Z-11Z-14Z)-Icosatrienoic acid","ME634184","Dihomo-gamma-linolenic acid","AU",190000,202000,113000,64700,87400,175000,246000,211000,131000,133000,256000,179000,102000,171000,88700,509000,231000,59100,76100,133000,142000,166000,139000,260000,189000,168000,89600,37600,115000,161000,116000,313000,190000,173000,306000,481000,127000,346000,123000,133000,85900,155000,125000,272000,229000,207000,131000,154000,407000,139000,152000,295000,359000,172000,442000,281000,332000,71600,85300,120000,126000,224000,156000,154000,390000,618000,437000,1550000,1490000,511000,297000,1550000,359000,491000,563000,1610000,1750000,510000,450000,1090000,628000,1340000,1060000,352000,756000,194000,435000,1320000,2900000,428000,456000,306000,142000,1850000,528000,176000,520000,342000,305000,471000,3010000,3610000,2530000,287000,309000,1730000,2170000,227000,1130000,283000,866000,328000,2e+06,1400000,415000,446000,2e+06,1130000,1790000,751000,1950000,3180000,111000,429000,3060000,398000,386000,903000,204000,3030000
"ST002681","AN004354","Reversed phase NEGATIVE ION MODE","Acetoacetate","ME634167","Acetoacetic acid","AU",190000,202000,113000,64700,87400,175000,246000,211000,131000,133000,256000,179000,102000,171000,88700,509000,231000,59100,76100,133000,142000,166000,139000,260000,189000,168000,89600,37600,115000,161000,116000,313000,190000,173000,306000,481000,127000,346000,123000,133000,85900,155000,125000,272000,229000,207000,131000,154000,407000,139000,152000,295000,359000,172000,442000,281000,332000,71600,85300,120000,126000,224000,156000,154000,390000,2980000,2640000,5100000,4740000,2940000,2090000,7020000,2590000,2860000,3050000,4700000,5490000,2770000,2700000,4480000,5400000,5920000,4290000,3790000,5200000,1860000,2710000,5030000,5e+06,2690000,3200000,3080000,1920000,3800000,3480000,3040000,3480000,2550000,3220000,4810000,6040000,7460000,4280000,3080000,2320000,4530000,6770000,2220000,3750000,2700000,2200000,3490000,5170000,6640000,2670000,5620000,9780000,3080000,5700000,7960000,3380000,4530000,2800000,6890000,12500000,2850000,3490000,4350000,7210000,8140000
"ST002681","AN004354","Reversed phase NEGATIVE ION MODE","ADP","ME634117","ADP","AU",190000,202000,113000,64700,87400,175000,246000,211000,131000,133000,256000,179000,102000,171000,88700,509000,231000,59100,76100,133000,142000,166000,139000,260000,189000,168000,89600,37600,115000,161000,116000,313000,190000,173000,306000,481000,127000,346000,123000,133000,85900,155000,125000,272000,229000,207000,131000,154000,407000,139000,152000,295000,359000,172000,442000,281000,332000,71600,85300,120000,126000,224000,156000,154000,390000,20700,14000,23000,43700,4650,1940,29900,15500,19200,118000,42200,76900,145000,77200,41300,52300,105000,1290000,99200,22500,52700,29800,51300,48300,19900,51100,84600,23000,194000,7340,11000,9460,44600,39900,42200,870000,1320000,103000,68200,211000,421000,285000,32200,359000,94500,142000,101000,88800,1210000,10200,186000,265000,312000,398000,132000,517000,731000,31900,40100,1390000,3100,5020,229000,120000,259000
"ST002681","AN004354","Reversed phase NEGATIVE ION MODE","Allochenodeoxycholate","ME634191","Allochenodeoxycholic acid","AU",190000,202000,113000,64700,87400,175000,246000,211000,131000,133000,256000,179000,102000,171000,88700,509000,231000,59100,76100,133000,142000,166000,139000,260000,189000,168000,89600,37600,115000,161000,116000,313000,190000,173000,306000,481000,127000,346000,123000,133000,85900,155000,125000,272000,229000,207000,131000,154000,407000,139000,152000,295000,359000,172000,442000,281000,332000,71600,85300,120000,126000,224000,156000,154000,390000,74100,NA,215000,53600,26000,22100,234000,38500,69600,47100,205000,86700,53800,54300,132000,68000,425000,505000,NA,143000,30600,23000,151000,50900,33000,37100,90800,54800,620000,38000,117000,NA,71900,50100,50800,349000,198000,468000,77400,29600,103000,242000,49000,193000,36200,146000,160000,55100,220000,90000,42700,64900,402000,120000,292000,596000,289000,33000,97000,453000,196000,18100,42200,36400,1610000
"ST002681","AN004354","Reversed phase NEGATIVE ION MODE","AMP","ME634118","AMP","AU",190000,202000,113000,64700,87400,175000,246000,211000,131000,133000,256000,179000,102000,171000,88700,509000,231000,59100,76100,133000,142000,166000,139000,260000,189000,168000,89600,37600,115000,161000,116000,313000,190000,173000,306000,481000,127000,346000,123000,133000,85900,155000,125000,272000,229000,207000,131000,154000,407000,139000,152000,295000,359000,172000,442000,281000,332000,71600,85300,120000,126000,224000,156000,154000,390000,23000,6090,48000,49400,7670,2710,17600,13800,40600,86100,39800,33200,43500,65600,27000,54500,91300,311000,69600,32000,15200,31300,69300,81200,13700,35400,79500,3660,324000,42500,15700,30000,51200,51400,47400,515000,729000,152000,138000,99900,234000,240000,30000,323000,72400,614000,62500,93700,560000,15200,324000,132000,376000,853000,255000,635000,885000,76800,38900,709000,5960,14400,268000,71500,599000
"ST002681","AN004354","Reversed phase NEGATIVE ION MODE","Ascorbate","ME634151","Vitamin C","AU",190000,202000,113000,64700,87400,175000,246000,211000,131000,133000,256000,179000,102000,171000,88700,509000,231000,59100,76100,133000,142000,166000,139000,260000,189000,168000,89600,37600,115000,161000,116000,313000,190000,173000,306000,481000,127000,346000,123000,133000,85900,155000,125000,272000,229000,207000,131000,154000,407000,139000,152000,295000,359000,172000,442000,281000,332000,71600,85300,120000,126000,224000,156000,154000,390000,24100,31300,119000,398000,14700,69400,151000,18900,41800,45200,244000,2e+05,50600,105000,59100,73900,371000,284000,291000,118000,22500,24100,149000,31300,26800,136000,63400,65300,116000,26800,32600,126000,20200,33900,88100,137000,138000,301000,77400,31300,160000,292000,65800,658000,98500,25300,80900,428000,132000,43000,106000,167000,151000,412000,116000,148000,91800,42300,118000,237000,294000,21600,72400,131000,224000
"ST002681","AN004354","Reversed phase NEGATIVE ION MODE","ATP","ME634116","ATP","AU",190000,202000,113000,64700,87400,175000,246000,211000,131000,133000,256000,179000,102000,171000,88700,509000,231000,59100,76100,133000,142000,166000,139000,260000,189000,168000,89600,37600,115000,161000,116000,313000,190000,173000,306000,481000,127000,346000,123000,133000,85900,155000,125000,272000,229000,207000,131000,154000,407000,139000,152000,295000,359000,172000,442000,281000,332000,71600,85300,120000,126000,224000,156000,154000,390000,23200,753,10900,14800,1360,1370,8440,2920,7700,18100,4250,2320,27400,5480,60000,3420,21800,698000,26900,7510,4220,2030,43100,1690,3650,7780,13300,21200,26200,2380,4700,1840,6080,16000,18900,179000,288000,38900,2070,19500,131000,30800,14100,105000,9940,9600,6580,18100,216000,11600,3830,99500,83800,32300,1400,162000,163000,3200,9540,332000,1470,2800,20900,18800,74200
"ST002681","AN004354","Reversed phase NEGATIVE ION MODE","Beta Hydroxybutyrate","ME634168","3-Hydroxybutyric acid","AU",190000,202000,113000,64700,87400,175000,246000,211000,131000,133000,256000,179000,102000,171000,88700,509000,231000,59100,76100,133000,142000,166000,139000,260000,189000,168000,89600,37600,115000,161000,116000,313000,190000,173000,306000,481000,127000,346000,123000,133000,85900,155000,125000,272000,229000,207000,131000,154000,407000,139000,152000,295000,359000,172000,442000,281000,332000,71600,85300,120000,126000,224000,156000,154000,390000,2090000,2120000,4190000,5870000,2900000,2950000,4910000,902000,2950000,1250000,3600000,3910000,2020000,1460000,3090000,2870000,8370000,3060000,2460000,4020000,2940000,1760000,3500000,6050000,1380000,1340000,1030000,546000,2760000,1590000,1070000,5460000,1500000,1980000,2930000,3820000,1.7e+07,6930000,2510000,2180000,3750000,4840000,1470000,6370000,1220000,1210000,2600000,4680000,6220000,1770000,1070000,8970000,5760000,4460000,8110000,6450000,7550000,669000,2590000,20100000,1710000,2870000,1990000,1450000,8420000
"ST002681","AN004354","Reversed phase NEGATIVE ION MODE","Citrate","ME634144","Citric acid","AU",190000,202000,113000,64700,87400,175000,246000,211000,131000,133000,256000,179000,102000,171000,88700,509000,231000,59100,76100,133000,142000,166000,139000,260000,189000,168000,89600,37600,115000,161000,116000,313000,190000,173000,306000,481000,127000,346000,123000,133000,85900,155000,125000,272000,229000,207000,131000,154000,407000,139000,152000,295000,359000,172000,442000,281000,332000,71600,85300,120000,126000,224000,156000,154000,390000,16100000,8100000,49900000,55200000,7510000,12700000,3.9e+07,9030000,12500000,9980000,48100000,52100000,1.2e+07,9810000,36600000,23400000,49500000,48600000,13600000,5.3e+07,6220000,8210000,40100000,47800000,9100000,14900000,16800000,8140000,57400000,18100000,6180000,19700000,8260000,11700000,2.1e+07,55100000,63500000,51600000,18700000,8600000,46100000,61500000,8490000,5.1e+07,10700000,14500000,18100000,45200000,42900000,1.4e+07,13500000,67200000,47300000,62800000,9480000,49700000,49900000,11600000,16400000,57700000,18200000,9920000,8440000,14100000,53600000
"ST002681","AN004354","Reversed phase NEGATIVE ION MODE","cresol","ME634202","","AU",190000,202000,113000,64700,87400,175000,246000,211000,131000,133000,256000,179000,102000,171000,88700,509000,231000,59100,76100,133000,142000,166000,139000,260000,189000,168000,89600,37600,115000,161000,116000,313000,190000,173000,306000,481000,127000,346000,123000,133000,85900,155000,125000,272000,229000,207000,131000,154000,407000,139000,152000,295000,359000,172000,442000,281000,332000,71600,85300,120000,126000,224000,156000,154000,390000,10600,NA,3040000,364000,NA,12400,3490000,22800,7750,8140,520000,1460000,8370,11400,756000,382000,3870000,1e+06,11200,1250000,NA,7710,190000,1380000,98500,9380,5400,4330,2580000,17000,3900,40900,25700,11500,348000,6350000,8720000,2780000,22800,13900,3980000,4980000,2020,2290000,NA,33000,23300,506000,493000,14800,50100,4e+06,4110000,17100000,34300,1390000,1400000,36600,9510,5380000,11800,14200,17800,21100,2810000
"ST002681","AN004354","Reversed phase NEGATIVE ION MODE","D-Arabitol/Xylitol/Ribitol","ME634143","","AU",190000,202000,113000,64700,87400,175000,246000,211000,131000,133000,256000,179000,102000,171000,88700,509000,231000,59100,76100,133000,142000,166000,139000,260000,189000,168000,89600,37600,115000,161000,116000,313000,190000,173000,306000,481000,127000,346000,123000,133000,85900,155000,125000,272000,229000,207000,131000,154000,407000,139000,152000,295000,359000,172000,442000,281000,332000,71600,85300,120000,126000,224000,156000,154000,390000,53800,29500,73800,109000,36300,37400,114000,36800,59900,30900,127000,99000,27300,45100,62400,116000,129000,106000,42500,109000,23400,39200,102000,109000,30900,59700,49600,35500,149000,54500,24000,46800,48300,62200,92500,151000,176000,120000,485000,505000,108000,142000,47200,124000,39900,56500,102000,114000,121000,53700,97800,202000,1860000,358000,54000,55600,145000,103000,45500,90400,48800,28300,43700,53500,107000
"ST002681","AN004354","Reversed phase NEGATIVE ION MODE","Decanoic acid (caprate)","ME634170","Capric acid","AU",190000,202000,113000,64700,87400,175000,246000,211000,131000,133000,256000,179000,102000,171000,88700,509000,231000,59100,76100,133000,142000,166000,139000,260000,189000,168000,89600,37600,115000,161000,116000,313000,190000,173000,306000,481000,127000,346000,123000,133000,85900,155000,125000,272000,229000,207000,131000,154000,407000,139000,152000,295000,359000,172000,442000,281000,332000,71600,85300,120000,126000,224000,156000,154000,390000,2160000,1560000,6660000,8310000,1330000,1690000,8990000,1610000,1960000,3120000,7760000,6130000,3190000,2220000,7750000,4250000,5390000,8960000,1400000,7270000,1460000,2090000,6150000,5090000,2040000,1450000,2250000,2600000,6760000,2200000,1830000,1770000,1500000,2630000,2560000,26100000,5e+06,6350000,2580000,1250000,6730000,6480000,2300000,7270000,1630000,1530000,1960000,6040000,3310000,1610000,1560000,7600000,5890000,11600000,1800000,6640000,8370000,1310000,1810000,7810000,1260000,1360000,2630000,2030000,4650000
"ST002681","AN004354","Reversed phase NEGATIVE ION MODE","Dehydroascorbate","ME634152","Dehydroascorbic acid","AU",190000,202000,113000,64700,87400,175000,246000,211000,131000,133000,256000,179000,102000,171000,88700,509000,231000,59100,76100,133000,142000,166000,139000,260000,189000,168000,89600,37600,115000,161000,116000,313000,190000,173000,306000,481000,127000,346000,123000,133000,85900,155000,125000,272000,229000,207000,131000,154000,407000,139000,152000,295000,359000,172000,442000,281000,332000,71600,85300,120000,126000,224000,156000,154000,390000,354000,138000,1370000,1330000,169000,229000,932000,214000,333000,222000,1300000,1150000,285000,236000,917000,650000,1330000,1160000,379000,1270000,168000,179000,914000,1350000,107000,411000,423000,289000,2e+06,491000,74500,510000,63500,220000,599000,1540000,1770000,1340000,567000,202000,1230000,1500000,208000,1060000,229000,532000,467000,1070000,1140000,267000,313000,2160000,1320000,2320000,312000,1080000,1320000,311000,397000,1640000,564000,227000,267000,237000,1600000
"ST002681","AN004354","Reversed phase NEGATIVE ION MODE","D-Glucorote","ME634155","","AU",190000,202000,113000,64700,87400,175000,246000,211000,131000,133000,256000,179000,102000,171000,88700,509000,231000,59100,76100,133000,142000,166000,139000,260000,189000,168000,89600,37600,115000,161000,116000,313000,190000,173000,306000,481000,127000,346000,123000,133000,85900,155000,125000,272000,229000,207000,131000,154000,407000,139000,152000,295000,359000,172000,442000,281000,332000,71600,85300,120000,126000,224000,156000,154000,390000,88400,83000,191000,355000,85900,70500,275000,80700,94200,66900,323000,160000,84800,57500,144000,179000,267000,163000,164000,283000,37900,42700,278000,184000,50600,119000,98900,74400,601000,89800,60500,153000,92600,95900,142000,538000,842000,382000,118000,108000,256000,313000,69700,257000,89800,148000,392000,259000,238000,173000,257000,509000,333000,2390000,215000,249000,342000,361000,119000,572000,92800,74200,84900,86100,195000
"ST002681","AN004354","Reversed phase NEGATIVE ION MODE","D-Glucose","ME634131","Glucose","AU",190000,202000,113000,64700,87400,175000,246000,211000,131000,133000,256000,179000,102000,171000,88700,509000,231000,59100,76100,133000,142000,166000,139000,260000,189000,168000,89600,37600,115000,161000,116000,313000,190000,173000,306000,481000,127000,346000,123000,133000,85900,155000,125000,272000,229000,207000,131000,154000,407000,139000,152000,295000,359000,172000,442000,281000,332000,71600,85300,120000,126000,224000,156000,154000,390000,15900000,1.3e+07,28600000,21200000,14400000,8880000,30100000,13200000,12300000,16400000,19900000,2e+07,15800000,14300000,25300000,23700000,22900000,26200000,19600000,22100000,9120000,11400000,32700000,22600000,12200000,16900000,19900000,11400000,1.9e+07,15800000,15300000,17100000,12500000,14800000,23900000,28200000,38300000,19200000,14900000,11100000,2.1e+07,2.9e+07,1.1e+07,14300000,15500000,10200000,17600000,24600000,35300000,17700000,37400000,46900000,14300000,26800000,54500000,16200000,16200000,14800000,44400000,70900000,1.5e+07,18800000,2.6e+07,3.9e+07,33700000
"ST002681","AN004354","Reversed phase NEGATIVE ION MODE","D-Glyceraldehyde 3-phosphate/Glycerone phosphate","ME634132","Glyceraldehyde 3-phosphate","AU",190000,202000,113000,64700,87400,175000,246000,211000,131000,133000,256000,179000,102000,171000,88700,509000,231000,59100,76100,133000,142000,166000,139000,260000,189000,168000,89600,37600,115000,161000,116000,313000,190000,173000,306000,481000,127000,346000,123000,133000,85900,155000,125000,272000,229000,207000,131000,154000,407000,139000,152000,295000,359000,172000,442000,281000,332000,71600,85300,120000,126000,224000,156000,154000,390000,58600,57200,67200000,63900000,68900,56400,59400000,63100,58000,46500,53900000,57200000,53100,70400,45800000,12500000,64100000,49200000,58400,55900000,61800,57600,30100000,69300000,60400,66500,60900,38100,63300000,460000,75400,55000,42800,284000,3900000,59400000,54600000,56700000,96800,52500,5.7e+07,61700000,67500,51300000,59300,48800,479000,68700000,25600000,68200,59900,8.1e+07,65200000,51600000,269000,72700000,72200000,58000,56900,5.9e+07,58900,47300,61300,68500,40300000
"ST002681","AN004354","Reversed phase NEGATIVE ION MODE","Diphosphate","ME634130","Pyrophosphate","AU",190000,202000,113000,64700,87400,175000,246000,211000,131000,133000,256000,179000,102000,171000,88700,509000,231000,59100,76100,133000,142000,166000,139000,260000,189000,168000,89600,37600,115000,161000,116000,313000,190000,173000,306000,481000,127000,346000,123000,133000,85900,155000,125000,272000,229000,207000,131000,154000,407000,139000,152000,295000,359000,172000,442000,281000,332000,71600,85300,120000,126000,224000,156000,154000,390000,337000,116000,589000,1110000,53400,197000,1220000,125000,113000,115000,1240000,706000,226000,2e+05,571000,542000,1660000,570000,309000,658000,44200,65700,673000,901000,169000,155000,214000,89600,928000,254000,145000,293000,119000,317000,280000,2040000,1350000,1340000,179000,85600,1390000,1540000,119000,2160000,105000,147000,132000,859000,742000,194000,395000,740000,838000,1020000,211000,1620000,1190000,69600,84200,1370000,285000,121000,187000,108000,631000
"ST002681","AN004354","Reversed phase NEGATIVE ION MODE","Docosahexaenoic acid","ME634182","Docosahexaenoic acid","AU",190000,202000,113000,64700,87400,175000,246000,211000,131000,133000,256000,179000,102000,171000,88700,509000,231000,59100,76100,133000,142000,166000,139000,260000,189000,168000,89600,37600,115000,161000,116000,313000,190000,173000,306000,481000,127000,346000,123000,133000,85900,155000,125000,272000,229000,207000,131000,154000,407000,139000,152000,295000,359000,172000,442000,281000,332000,71600,85300,120000,126000,224000,156000,154000,390000,4400000,3280000,13500000,18700000,3460000,1910000,15400000,3060000,5100000,2970000,12300000,20700000,4050000,1980000,8170000,2020000,1.7e+07,13900000,2840000,10800000,1370000,2100000,12300000,34200000,2270000,3620000,3360000,1420000,10100000,3670000,1860000,4610000,2270000,2880000,4100000,19300000,35500000,23100000,2800000,3010000,17200000,21300000,1750000,12100000,4840000,4080000,4690000,20200000,1.4e+07,3870000,5360000,13200000,18200000,20900000,9080000,2.8e+07,17400000,891000,5990000,29500000,3870000,2560000,5290000,2680000,18800000
"ST002681","AN004354","Reversed phase NEGATIVE ION MODE","Dodecanedioic acid","ME634183","Dodecanedioic acid","AU",190000,202000,113000,64700,87400,175000,246000,211000,131000,133000,256000,179000,102000,171000,88700,509000,231000,59100,76100,133000,142000,166000,139000,260000,189000,168000,89600,37600,115000,161000,116000,313000,190000,173000,306000,481000,127000,346000,123000,133000,85900,155000,125000,272000,229000,207000,131000,154000,407000,139000,152000,295000,359000,172000,442000,281000,332000,71600,85300,120000,126000,224000,156000,154000,390000,27900,14700,39400,53500,20900,23000,55000,26300,23800,24600,171000,37800,22800,22700,38600,31300,55900,105000,27500,217000,28500,18400,76900,40600,25000,25300,30100,31200,48300,25300,25500,27700,18500,30400,31200,96200,50600,54900,47800,31400,53900,52400,25400,44100,23600,34400,29000,42500,32100,22900,28600,41800,75200,49900,16000,64000,46400,26300,22200,43600,24700,17400,23400,30700,53800
"ST002681","AN004354","Reversed phase NEGATIVE ION MODE","Dodecanoic acid","ME634171","Lauric acid","AU",190000,202000,113000,64700,87400,175000,246000,211000,131000,133000,256000,179000,102000,171000,88700,509000,231000,59100,76100,133000,142000,166000,139000,260000,189000,168000,89600,37600,115000,161000,116000,313000,190000,173000,306000,481000,127000,346000,123000,133000,85900,155000,125000,272000,229000,207000,131000,154000,407000,139000,152000,295000,359000,172000,442000,281000,332000,71600,85300,120000,126000,224000,156000,154000,390000,2540000,1660000,6660000,4790000,2450000,2930000,4970000,2280000,4950000,3590000,29500000,18800000,2950000,4040000,4290000,5450000,12600000,4400000,2370000,7680000,2190000,2800000,5270000,8010000,2520000,3590000,3230000,2480000,4970000,2710000,2390000,3600000,6510000,5170000,2950000,1.13e+08,6190000,11300000,2280000,2050000,7660000,9290000,2460000,6310000,2220000,3210000,3460000,5020000,4030000,2250000,2510000,11500000,4820000,4970000,6570000,5720000,7150000,1790000,3530000,14800000,2280000,2250000,5830000,3400000,11200000
"ST002681","AN004354","Reversed phase NEGATIVE ION MODE","D-Rhamnose","ME634142","Rhamnose","AU",190000,202000,113000,64700,87400,175000,246000,211000,131000,133000,256000,179000,102000,171000,88700,509000,231000,59100,76100,133000,142000,166000,139000,260000,189000,168000,89600,37600,115000,161000,116000,313000,190000,173000,306000,481000,127000,346000,123000,133000,85900,155000,125000,272000,229000,207000,131000,154000,407000,139000,152000,295000,359000,172000,442000,281000,332000,71600,85300,120000,126000,224000,156000,154000,390000,1020000,514000,3800000,1710000,769000,1740000,2210000,1490000,931000,1130000,3530000,3140000,858000,453000,1860000,2230000,975000,2630000,599000,1800000,539000,1590000,3230000,4520000,891000,1870000,917000,616000,1570000,2040000,1240000,1490000,1510000,751000,761000,1170000,1840000,2720000,853000,763000,2180000,3560000,896000,3210000,1290000,1370000,802000,3080000,1170000,1120000,423000,409000,2570000,771000,15100,1360000,1220000,511000,107000,106000,206000,821000,108000,21000,630000
"ST002681","AN004354","Reversed phase NEGATIVE ION MODE","D-Ribose","ME634141","Ribose","AU",190000,202000,113000,64700,87400,175000,246000,211000,131000,133000,256000,179000,102000,171000,88700,509000,231000,59100,76100,133000,142000,166000,139000,260000,189000,168000,89600,37600,115000,161000,116000,313000,190000,173000,306000,481000,127000,346000,123000,133000,85900,155000,125000,272000,229000,207000,131000,154000,407000,139000,152000,295000,359000,172000,442000,281000,332000,71600,85300,120000,126000,224000,156000,154000,390000,454000,331000,713000,883000,366000,230000,850000,341000,384000,390000,734000,509000,376000,357000,577000,643000,652000,628000,519000,795000,212000,302000,782000,629000,314000,393000,460000,275000,1900000,410000,360000,434000,281000,387000,575000,1640000,1850000,725000,406000,289000,554000,804000,274000,445000,323000,247000,448000,654000,891000,433000,896000,1330000,633000,5020000,1420000,658000,797000,656000,1100000,1850000,372000,488000,639000,1e+06,883000
"ST002681","AN004354","Reversed phase NEGATIVE ION MODE","Eicosapentaenoic acid","ME634181","Eicosapentaenoic acid","AU",190000,202000,113000,64700,87400,175000,246000,211000,131000,133000,256000,179000,102000,171000,88700,509000,231000,59100,76100,133000,142000,166000,139000,260000,189000,168000,89600,37600,115000,161000,116000,313000,190000,173000,306000,481000,127000,346000,123000,133000,85900,155000,125000,272000,229000,207000,131000,154000,407000,139000,152000,295000,359000,172000,442000,281000,332000,71600,85300,120000,126000,224000,156000,154000,390000,675000,1210000,2310000,3790000,911000,194000,3450000,894000,866000,522000,4690000,2740000,566000,185000,1620000,237000,4060000,3290000,583000,3250000,325000,276000,1810000,4420000,364000,697000,483000,411000,4370000,796000,370000,681000,324000,801000,657000,5820000,13500000,5940000,642000,1100000,3980000,6030000,278000,1530000,1530000,688000,2640000,13500000,5020000,1360000,2410000,3250000,7890000,15600000,4480000,9930000,4260000,248000,2840000,8880000,584000,663000,1100000,933000,2670000
"ST002681","AN004354","Reversed phase NEGATIVE ION MODE","Eicosatetraenoic acid","ME634180","Eicosatetraenoic acid","AU",190000,202000,113000,64700,87400,175000,246000,211000,131000,133000,256000,179000,102000,171000,88700,509000,231000,59100,76100,133000,142000,166000,139000,260000,189000,168000,89600,37600,115000,161000,116000,313000,190000,173000,306000,481000,127000,346000,123000,133000,85900,155000,125000,272000,229000,207000,131000,154000,407000,139000,152000,295000,359000,172000,442000,281000,332000,71600,85300,120000,126000,224000,156000,154000,390000,2930000,1990000,5770000,10100000,2150000,1520000,5480000,1450000,3260000,2570000,7870000,8280000,2740000,1730000,5140000,2760000,9180000,7430000,1440000,5330000,910000,1930000,5700000,11500000,1760000,2710000,2e+06,1010000,7680000,1920000,792000,1970000,1330000,1260000,2240000,14200000,18800000,10400000,1270000,1450000,8890000,10700000,1470000,4660000,1730000,3e+06,1530000,8530000,5630000,2410000,3500000,9030000,7210000,11700000,5530000,10500000,12700000,816000,2300000,16200000,2130000,1530000,3810000,1230000,13800000
"ST002681","AN004354","Reversed phase NEGATIVE ION MODE","Fumarate","ME634147","Fumaric acid","AU",190000,202000,113000,64700,87400,175000,246000,211000,131000,133000,256000,179000,102000,171000,88700,509000,231000,59100,76100,133000,142000,166000,139000,260000,189000,168000,89600,37600,115000,161000,116000,313000,190000,173000,306000,481000,127000,346000,123000,133000,85900,155000,125000,272000,229000,207000,131000,154000,407000,139000,152000,295000,359000,172000,442000,281000,332000,71600,85300,120000,126000,224000,156000,154000,390000,40300,53700,135000,187000,38500,67900,157000,30800,46500,45200,180000,148000,34200,46200,49800,83000,152000,126000,60200,112000,40000,31500,94200,150000,59200,50800,72000,30200,218000,83400,43900,39100,18000,31000,72400,220000,186000,152000,70000,53100,170000,114000,32800,282000,48000,67200,62500,140000,164000,43500,38400,248000,225000,191000,79200,206000,221000,49500,54800,153000,92800,17500,74800,64500,175000
"ST002681","AN004354","Reversed phase NEGATIVE ION MODE","GDP","ME634120","GDP","AU",190000,202000,113000,64700,87400,175000,246000,211000,131000,133000,256000,179000,102000,171000,88700,509000,231000,59100,76100,133000,142000,166000,139000,260000,189000,168000,89600,37600,115000,161000,116000,313000,190000,173000,306000,481000,127000,346000,123000,133000,85900,155000,125000,272000,229000,207000,131000,154000,407000,139000,152000,295000,359000,172000,442000,281000,332000,71600,85300,120000,126000,224000,156000,154000,390000,448,NA,NA,NA,NA,NA,NA,344,NA,NA,NA,NA,NA,NA,6520,NA,NA,118000,595,NA,NA,NA,495,NA,NA,NA,NA,NA,NA,NA,NA,NA,NA,NA,NA,41600,122000,NA,NA,7780,11300,5620,NA,15300,NA,1740,NA,NA,149000,NA,NA,NA,NA,35600,11200,22800,65300,NA,NA,138000,NA,NA,11400,466,NA
"ST002681","AN004354","Reversed phase NEGATIVE ION MODE","Glycerol 3-phosphate","ME634165","sn-Glycero-3-phosphate","AU",190000,202000,113000,64700,87400,175000,246000,211000,131000,133000,256000,179000,102000,171000,88700,509000,231000,59100,76100,133000,142000,166000,139000,260000,189000,168000,89600,37600,115000,161000,116000,313000,190000,173000,306000,481000,127000,346000,123000,133000,85900,155000,125000,272000,229000,207000,131000,154000,407000,139000,152000,295000,359000,172000,442000,281000,332000,71600,85300,120000,126000,224000,156000,154000,390000,15000,22600,82600,132000,6160,20100,94000,14000,24800,4000,82200,98000,10600,17000,38100,49200,66600,11500,22300,118000,7380,11800,67500,102000,30900,10700,18700,12200,75600,91700,16300,18900,12500,16600,30300,32600,25200,51300,48500,28900,9860,7090,14300,43300,13000,34000,19600,106000,48300,26500,19200,447,659000,2820,35300,80200,214000,8110,7380,21700,11700,10400,31000,14700,47800
"ST002681","AN004354","Reversed phase NEGATIVE ION MODE","Glycocholate","ME634187","Glycocholic acid","AU",190000,202000,113000,64700,87400,175000,246000,211000,131000,133000,256000,179000,102000,171000,88700,509000,231000,59100,76100,133000,142000,166000,139000,260000,189000,168000,89600,37600,115000,161000,116000,313000,190000,173000,306000,481000,127000,346000,123000,133000,85900,155000,125000,272000,229000,207000,131000,154000,407000,139000,152000,295000,359000,172000,442000,281000,332000,71600,85300,120000,126000,224000,156000,154000,390000,61200,89000,19500,188000,25800,31800,77200,10500,24700,17500,162000,78000,24600,79300,177000,9220,62600,294000,60200,4300000,2580,12000,115000,194000,14000,97000,107000,122000,1080000,28800,43300,3420,12500,57100,28000,4270000,34800,19900,34900,14700,46100,29000,3810,186000,5060,10200,186000,16300,38600,4680,82200,806000,506000,191000,62800,110000,40800,10800,14700,26300,51700,4330,19800,20100,360000
"ST002681","AN004354","Reversed phase NEGATIVE ION MODE","Glycodeoxycholate/Glychenodeoxycholate","ME634190","","AU",190000,202000,113000,64700,87400,175000,246000,211000,131000,133000,256000,179000,102000,171000,88700,509000,231000,59100,76100,133000,142000,166000,139000,260000,189000,168000,89600,37600,115000,161000,116000,313000,190000,173000,306000,481000,127000,346000,123000,133000,85900,155000,125000,272000,229000,207000,131000,154000,407000,139000,152000,295000,359000,172000,442000,281000,332000,71600,85300,120000,126000,224000,156000,154000,390000,294000,138000,172000,928000,60100,159000,227000,25700,116000,20400,642000,399000,80600,309000,1740000,253000,425000,1470000,305000,8080000,10200,48300,1e+06,947000,49600,563000,209000,185000,5110000,154000,135000,11900,35600,61500,153000,4340000,213000,222000,441000,14200,288000,272000,12600,1060000,50600,67200,398000,75100,133000,27000,135000,2120000,1710000,545000,376000,882000,151000,36800,122000,218000,173000,14400,105000,47100,2040000
"ST002681","AN004354","Reversed phase NEGATIVE ION MODE","GMP","ME634121","GMP","AU",190000,202000,113000,64700,87400,175000,246000,211000,131000,133000,256000,179000,102000,171000,88700,509000,231000,59100,76100,133000,142000,166000,139000,260000,189000,168000,89600,37600,115000,161000,116000,313000,190000,173000,306000,481000,127000,346000,123000,133000,85900,155000,125000,272000,229000,207000,131000,154000,407000,139000,152000,295000,359000,172000,442000,281000,332000,71600,85300,120000,126000,224000,156000,154000,390000,NA,1080,NA,NA,992,NA,NA,NA,NA,NA,NA,NA,NA,NA,NA,NA,13800,NA,1300,NA,NA,NA,NA,NA,NA,NA,NA,1250,56400,NA,NA,NA,NA,NA,NA,33800,16300,NA,4770,NA,NA,14300,NA,NA,NA,47100,1080,NA,37000,NA,8240,NA,NA,48300,3570,19800,68600,456,4500,60200,NA,NA,17600,1030,8160
"ST002681","AN004354","Reversed phase NEGATIVE ION MODE","GTP","ME634119","GTP","AU",190000,202000,113000,64700,87400,175000,246000,211000,131000,133000,256000,179000,102000,171000,88700,509000,231000,59100,76100,133000,142000,166000,139000,260000,189000,168000,89600,37600,115000,161000,116000,313000,190000,173000,306000,481000,127000,346000,123000,133000,85900,155000,125000,272000,229000,207000,131000,154000,407000,139000,152000,295000,359000,172000,442000,281000,332000,71600,85300,120000,126000,224000,156000,154000,390000,510,NA,NA,641,NA,2440,360,NA,NA,NA,1780,7450,3690,NA,9040,5420,NA,11800,NA,551,280,NA,703,NA,NA,4060,5730,NA,NA,2510,NA,NA,NA,NA,NA,7370,10000,NA,NA,NA,8110,10400,3660,1880,NA,5920,4170,NA,NA,635,596,NA,841,421,4770,NA,NA,NA,NA,NA,398,NA,5000,NA,NA
"ST002681","AN004354","Reversed phase NEGATIVE ION MODE","HETE","ME634193","HETE","AU",190000,202000,113000,64700,87400,175000,246000,211000,131000,133000,256000,179000,102000,171000,88700,509000,231000,59100,76100,133000,142000,166000,139000,260000,189000,168000,89600,37600,115000,161000,116000,313000,190000,173000,306000,481000,127000,346000,123000,133000,85900,155000,125000,272000,229000,207000,131000,154000,407000,139000,152000,295000,359000,172000,442000,281000,332000,71600,85300,120000,126000,224000,156000,154000,390000,23500,18000,31300,27500,11200,20700,23900,24900,28200,27100,20900,24600,28800,30300,50700,27400,26500,65500,24200,36400,30300,18900,38200,39300,26900,20500,29100,21000,91100,26900,32600,29400,14700,22900,25100,215000,312000,132000,26700,27600,176000,102000,27100,13900,27600,55700,28200,60900,29600,26700,64200,38600,93200,89900,56600,39100,46600,26400,19500,55700,20400,19800,22700,33400,210000
"ST002681","AN004354","Reversed phase NEGATIVE ION MODE","Hexadecanoic acid","ME634173","Palmitic acid","AU",190000,202000,113000,64700,87400,175000,246000,211000,131000,133000,256000,179000,102000,171000,88700,509000,231000,59100,76100,133000,142000,166000,139000,260000,189000,168000,89600,37600,115000,161000,116000,313000,190000,173000,306000,481000,127000,346000,123000,133000,85900,155000,125000,272000,229000,207000,131000,154000,407000,139000,152000,295000,359000,172000,442000,281000,332000,71600,85300,120000,126000,224000,156000,154000,390000,46100000,47700000,2.02e+08,2.12e+08,63100000,5.9e+07,1.71e+08,39900000,77600000,5.7e+07,1.54e+08,1.78e+08,49700000,70300000,87700000,88400000,1.79e+08,63800000,40600000,1.16e+08,42800000,43600000,86200000,2.22e+08,60100000,60800000,5.8e+07,28200000,1.58e+08,81600000,25900000,79100000,62100000,57500000,63900000,2.03e+08,2.14e+08,1.9e+08,60500000,50900000,1.59e+08,1.92e+08,59600000,1.67e+08,47400000,73900000,81900000,1.86e+08,1.32e+08,44200000,53200000,2.31e+08,1.38e+08,1.75e+08,1.05e+08,1.31e+08,2.26e+08,2.3e+07,79800000,2.55e+08,48200000,51200000,76100000,44100000,2.19e+08
"ST002681","AN004354","Reversed phase NEGATIVE ION MODE","Hexadecenoic acid","ME634176","Hexadecenoic acid","AU",190000,202000,113000,64700,87400,175000,246000,211000,131000,133000,256000,179000,102000,171000,88700,509000,231000,59100,76100,133000,142000,166000,139000,260000,189000,168000,89600,37600,115000,161000,116000,313000,190000,173000,306000,481000,127000,346000,123000,133000,85900,155000,125000,272000,229000,207000,131000,154000,407000,139000,152000,295000,359000,172000,442000,281000,332000,71600,85300,120000,126000,224000,156000,154000,390000,13400000,3830000,21100000,40700000,8540000,11500000,20400000,3960000,10300000,9700000,32400000,33500000,13600000,11300000,20600000,30700000,40900000,11800000,2360000,9510000,9780000,8350000,20800000,41200000,12700000,10500000,1.2e+07,1440000,1.5e+07,4960000,2090000,1.1e+07,14900000,1.6e+07,4290000,32500000,50500000,57600000,3700000,5250000,2.7e+07,29200000,10800000,33200000,3830000,6700000,2.2e+07,37600000,2.1e+07,2920000,5820000,38700000,19900000,23700000,11700000,1.5e+07,28900000,1740000,8140000,4.4e+07,4270000,6590000,7750000,7040000,29700000
"ST002681","AN004354","Reversed phase NEGATIVE ION MODE","HODE","ME634192","HODE","AU",190000,202000,113000,64700,87400,175000,246000,211000,131000,133000,256000,179000,102000,171000,88700,509000,231000,59100,76100,133000,142000,166000,139000,260000,189000,168000,89600,37600,115000,161000,116000,313000,190000,173000,306000,481000,127000,346000,123000,133000,85900,155000,125000,272000,229000,207000,131000,154000,407000,139000,152000,295000,359000,172000,442000,281000,332000,71600,85300,120000,126000,224000,156000,154000,390000,39600,23500,53100,179000,29200,35500,59500,29300,49200,38100,110000,78800,51600,35000,127000,70100,75600,257000,55000,1040000,21100,46400,148000,198000,20800,39700,68600,21500,272000,34900,17900,44600,70500,31400,96800,737000,699000,506000,45200,27200,412000,266000,29400,114000,26600,74500,54800,156000,102000,30900,113000,173000,114000,220000,121000,189000,220000,49200,42900,127000,21000,73600,58400,34600,428000
"ST002681","AN004354","Reversed phase NEGATIVE ION MODE","HPETE/Leukotriene B4 (isobars)","ME634194","","AU",190000,202000,113000,64700,87400,175000,246000,211000,131000,133000,256000,179000,102000,171000,88700,509000,231000,59100,76100,133000,142000,166000,139000,260000,189000,168000,89600,37600,115000,161000,116000,313000,190000,173000,306000,481000,127000,346000,123000,133000,85900,155000,125000,272000,229000,207000,131000,154000,407000,139000,152000,295000,359000,172000,442000,281000,332000,71600,85300,120000,126000,224000,156000,154000,390000,41900,42300,331000,267000,70600,92200,313000,27600,65700,39500,348000,332000,50500,94300,92900,191000,494000,46200,20300,180000,80100,50000,78100,363000,86300,75000,53200,8060,259000,39600,15200,59400,115000,89700,24900,349000,539000,702000,34600,38300,410000,485000,47700,463000,28900,25100,115000,453000,192000,17200,35300,283000,346000,260000,99200,180000,339000,14800,43300,583000,40500,41100,42300,52100,334000
"ST002681","AN004354","Reversed phase NEGATIVE ION MODE","IMP","ME634124","IMP","AU",190000,202000,113000,64700,87400,175000,246000,211000,131000,133000,256000,179000,102000,171000,88700,509000,231000,59100,76100,133000,142000,166000,139000,260000,189000,168000,89600,37600,115000,161000,116000,313000,190000,173000,306000,481000,127000,346000,123000,133000,85900,155000,125000,272000,229000,207000,131000,154000,407000,139000,152000,295000,359000,172000,442000,281000,332000,71600,85300,120000,126000,224000,156000,154000,390000,1770,323,12500,1790,NA,1200,NA,402,NA,943,NA,NA,1730,492,1860,NA,NA,58300,NA,NA,NA,NA,9390,NA,NA,NA,638,1850,NA,NA,NA,NA,NA,NA,522,42700,6060,NA,NA,NA,20700,NA,1300,22700,NA,88300,491,NA,213000,697,16500,560,10400,252000,NA,196000,528000,670,1100,172000,NA,NA,94500,567,1350
"ST002681","AN004354","Reversed phase NEGATIVE ION MODE","Indolepyruvate","ME634162","Indolepyruvic acid","AU",190000,202000,113000,64700,87400,175000,246000,211000,131000,133000,256000,179000,102000,171000,88700,509000,231000,59100,76100,133000,142000,166000,139000,260000,189000,168000,89600,37600,115000,161000,116000,313000,190000,173000,306000,481000,127000,346000,123000,133000,85900,155000,125000,272000,229000,207000,131000,154000,407000,139000,152000,295000,359000,172000,442000,281000,332000,71600,85300,120000,126000,224000,156000,154000,390000,NA,40700,110000,105000,NA,NA,95400,NA,NA,NA,49300,64400,NA,NA,45100,20300,116000,NA,NA,75100,NA,NA,21600,60800,22300,NA,NA,NA,94800,NA,NA,37600,NA,15600,NA,66900,23600,NA,NA,39600,37200,29300,NA,139000,49300,NA,NA,22700,31100,NA,NA,85100,69300,7510,NA,81000,56500,23200,22700,28700,NA,NA,NA,NA,76900
"ST002681","AN004354","Reversed phase NEGATIVE ION MODE","Inosine","ME634125","Inosine","AU",190000,202000,113000,64700,87400,175000,246000,211000,131000,133000,256000,179000,102000,171000,88700,509000,231000,59100,76100,133000,142000,166000,139000,260000,189000,168000,89600,37600,115000,161000,116000,313000,190000,173000,306000,481000,127000,346000,123000,133000,85900,155000,125000,272000,229000,207000,131000,154000,407000,139000,152000,295000,359000,172000,442000,281000,332000,71600,85300,120000,126000,224000,156000,154000,390000,6980,13200,13700,77100,6130,8150,48300,16300,15800,12400,23300,17500,8990,15600,38000,32200,67200,18900,16100,34400,11200,5230,44500,43700,14600,13100,17800,10400,89900,16800,13900,24400,4510,16500,26700,46400,70500,32800,10200,19900,52900,25100,7520,87900,5160,995000,32500,49400,43200,11600,78200,113000,27300,199000,20200,113000,1660000,44900,15400,77900,19500,9480,163000,10300,82700
"ST002681","AN004354","Reversed phase NEGATIVE ION MODE","Itacote","ME634150","","AU",190000,202000,113000,64700,87400,175000,246000,211000,131000,133000,256000,179000,102000,171000,88700,509000,231000,59100,76100,133000,142000,166000,139000,260000,189000,168000,89600,37600,115000,161000,116000,313000,190000,173000,306000,481000,127000,346000,123000,133000,85900,155000,125000,272000,229000,207000,131000,154000,407000,139000,152000,295000,359000,172000,442000,281000,332000,71600,85300,120000,126000,224000,156000,154000,390000,251000,110000,928000,1e+06,125000,187000,692000,134000,242000,138000,932000,964000,165000,143000,599000,447000,940000,801000,241000,994000,82500,125000,623000,917000,144000,231000,284000,153000,1370000,382000,119000,290000,144000,167000,403000,1090000,1170000,1070000,329000,126000,905000,942000,153000,949000,192000,243000,289000,7e+05,715000,244000,217000,1410000,878000,1660000,201000,686000,734000,185000,237000,1200000,283000,142000,184000,193000,1240000
"ST002681","AN004354","Reversed phase NEGATIVE ION MODE","Lactate","ME634137","Lactic acid","AU",190000,202000,113000,64700,87400,175000,246000,211000,131000,133000,256000,179000,102000,171000,88700,509000,231000,59100,76100,133000,142000,166000,139000,260000,189000,168000,89600,37600,115000,161000,116000,313000,190000,173000,306000,481000,127000,346000,123000,133000,85900,155000,125000,272000,229000,207000,131000,154000,407000,139000,152000,295000,359000,172000,442000,281000,332000,71600,85300,120000,126000,224000,156000,154000,390000,2.9e+07,3.5e+07,71100000,1.08e+08,1.9e+07,28400000,57200000,13400000,26800000,19500000,65300000,65100000,31500000,54700000,41800000,5.1e+07,1.19e+08,91900000,63800000,63500000,12900000,18600000,67700000,1.2e+08,27400000,32500000,50900000,29300000,1.19e+08,3.6e+07,30900000,44900000,34600000,46200000,64900000,99600000,70100000,82200000,72800000,29100000,1.07e+08,77200000,43800000,1.38e+08,30300000,96400000,30400000,78500000,9.3e+07,50200000,1.03e+08,1.26e+08,1.72e+08,1.39e+08,84100000,1.76e+08,1.82e+08,18200000,62800000,96200000,43900000,26300000,9.4e+07,3.1e+07,1.86e+08
"ST002681","AN004354","Reversed phase NEGATIVE ION MODE","Malate","ME634148","Malic acid","AU",190000,202000,113000,64700,87400,175000,246000,211000,131000,133000,256000,179000,102000,171000,88700,509000,231000,59100,76100,133000,142000,166000,139000,260000,189000,168000,89600,37600,115000,161000,116000,313000,190000,173000,306000,481000,127000,346000,123000,133000,85900,155000,125000,272000,229000,207000,131000,154000,407000,139000,152000,295000,359000,172000,442000,281000,332000,71600,85300,120000,126000,224000,156000,154000,390000,368000,403000,1310000,1640000,258000,443000,1360000,228000,393000,287000,1620000,1470000,345000,460000,674000,790000,2090000,1350000,682000,1810000,199000,3e+05,1110000,1790000,364000,515000,567000,232000,3e+06,680000,260000,438000,291000,458000,796000,2560000,1880000,1770000,629000,3e+05,2820000,1580000,367000,3060000,452000,632000,756000,1480000,1790000,418000,555000,2910000,2510000,2340000,653000,2760000,2960000,283000,478000,2450000,831000,351000,630000,456000,3160000
"ST002681","AN004354","Reversed phase NEGATIVE ION MODE","Maltose/Sucrose","ME634138","","AU",190000,202000,113000,64700,87400,175000,246000,211000,131000,133000,256000,179000,102000,171000,88700,509000,231000,59100,76100,133000,142000,166000,139000,260000,189000,168000,89600,37600,115000,161000,116000,313000,190000,173000,306000,481000,127000,346000,123000,133000,85900,155000,125000,272000,229000,207000,131000,154000,407000,139000,152000,295000,359000,172000,442000,281000,332000,71600,85300,120000,126000,224000,156000,154000,390000,24500,49100,83200,76400,58200,73600,81900,38000,58500,63700,67400,67800,56200,60900,62300,146000,34900,125000,77700,50800,460000,33000,70800,85600,42500,1e+05,73500,61200,112000,58000,28100,49700,57100,106000,67100,175000,281000,16300,59500,276000,70500,73400,62300,43900,135000,48100,79300,64900,165000,63600,97800,96400,135000,143000,296000,5760,114000,133000,63000,360000,50600,41300,183000,169000,73300
"ST002681","AN004354","Reversed phase NEGATIVE ION MODE","Maltotriose","ME634139","Maltotriose","AU",190000,202000,113000,64700,87400,175000,246000,211000,131000,133000,256000,179000,102000,171000,88700,509000,231000,59100,76100,133000,142000,166000,139000,260000,189000,168000,89600,37600,115000,161000,116000,313000,190000,173000,306000,481000,127000,346000,123000,133000,85900,155000,125000,272000,229000,207000,131000,154000,407000,139000,152000,295000,359000,172000,442000,281000,332000,71600,85300,120000,126000,224000,156000,154000,390000,1060,1180,NA,NA,7180,1200,NA,2290,13300,1320,NA,NA,23500,11400,NA,NA,NA,51200,17000,6310,14800,1570,NA,3330,NA,21700,9230,2240,NA,3650,NA,1760,6550,2430,8110,18300,61600,NA,13600,41900,9380,4900,7990,NA,20200,2550,18900,NA,89300,3050,7760,8990,NA,NA,66200,NA,7520,18100,5280,117000,5390,8450,13500,38300,NA
"ST002681","AN004354","Reversed phase NEGATIVE ION MODE","Mannitol/Sorbitol/Glucitol/Iditol","ME634140","","AU",190000,202000,113000,64700,87400,175000,246000,211000,131000,133000,256000,179000,102000,171000,88700,509000,231000,59100,76100,133000,142000,166000,139000,260000,189000,168000,89600,37600,115000,161000,116000,313000,190000,173000,306000,481000,127000,346000,123000,133000,85900,155000,125000,272000,229000,207000,131000,154000,407000,139000,152000,295000,359000,172000,442000,281000,332000,71600,85300,120000,126000,224000,156000,154000,390000,NA,179000,NA,NA,NA,186000,NA,NA,1070000,NA,NA,130000,NA,108000,NA,NA,183000,NA,NA,NA,62900,104000,NA,268000,43500,81900,NA,160000,NA,NA,NA,NA,NA,NA,NA,450000,542000,191000,372000,88400,NA,315000,NA,NA,202000,NA,1420000,NA,2110000,189000,NA,NA,513000,363000,168000,NA,NA,176000,NA,237000,NA,67800,NA,NA,275000
"ST002681","AN004354","Reversed phase NEGATIVE ION MODE","Mercaptopyruvate","ME634158","3-Mercaptopyruvic acid","AU",190000,202000,113000,64700,87400,175000,246000,211000,131000,133000,256000,179000,102000,171000,88700,509000,231000,59100,76100,133000,142000,166000,139000,260000,189000,168000,89600,37600,115000,161000,116000,313000,190000,173000,306000,481000,127000,346000,123000,133000,85900,155000,125000,272000,229000,207000,131000,154000,407000,139000,152000,295000,359000,172000,442000,281000,332000,71600,85300,120000,126000,224000,156000,154000,390000,7280,12100,163000,77200,12200,12600,104000,8830,10100,7390,79400,85200,6640,7170,137000,7810,101000,104000,12400,72400,9150,12200,26200,113000,8360,13000,4830,10600,49900,4960,12500,9010,10400,8230,7530,80500,130000,59800,9180,11500,47800,85400,7560,58400,7960,7030,11300,125000,28200,6070,7290,138000,27300,90700,12400,21800,71300,12300,7480,135000,11800,11400,9530,13700,67400
"ST002681","AN004354","Reversed phase NEGATIVE ION MODE","N-Acetylneuramite","ME634154","","AU",190000,202000,113000,64700,87400,175000,246000,211000,131000,133000,256000,179000,102000,171000,88700,509000,231000,59100,76100,133000,142000,166000,139000,260000,189000,168000,89600,37600,115000,161000,116000,313000,190000,173000,306000,481000,127000,346000,123000,133000,85900,155000,125000,272000,229000,207000,131000,154000,407000,139000,152000,295000,359000,172000,442000,281000,332000,71600,85300,120000,126000,224000,156000,154000,390000,65400,39200,90000,140000,47500,41900,119000,52500,56400,40800,127000,78700,54700,64900,79300,110000,152000,233000,54300,131000,32300,41800,122000,133000,46100,61700,67200,47900,276000,53900,29100,66700,51600,1e+05,67900,312000,474000,187000,98300,138000,178000,277000,41700,2e+05,44400,84200,133000,98500,378000,70000,113000,226000,181000,659000,146000,303000,302000,148000,51100,398000,40700,47800,155000,47700,2e+05
"ST002681","AN004354","Reversed phase NEGATIVE ION MODE","Octadecadienoic acid","ME634178","Octadecadienoic acid","AU",190000,202000,113000,64700,87400,175000,246000,211000,131000,133000,256000,179000,102000,171000,88700,509000,231000,59100,76100,133000,142000,166000,139000,260000,189000,168000,89600,37600,115000,161000,116000,313000,190000,173000,306000,481000,127000,346000,123000,133000,85900,155000,125000,272000,229000,207000,131000,154000,407000,139000,152000,295000,359000,172000,442000,281000,332000,71600,85300,120000,126000,224000,156000,154000,390000,50700000,39100000,93100000,2.29e+08,45400000,45200000,83700000,29300000,53400000,45900000,1.43e+08,1.44e+08,47300000,46800000,64900000,86300000,1.1e+08,80600000,41300000,1.82e+08,19400000,40600000,67800000,2.03e+08,38100000,3.8e+07,34200000,9270000,84200000,46900000,10400000,80300000,63900000,35100000,47500000,1.29e+08,2.83e+08,2.63e+08,32900000,22400000,1.26e+08,1.49e+08,20200000,1.9e+08,18900000,58900000,44200000,1.01e+08,1.01e+08,29300000,29400000,1.27e+08,55400000,1.53e+08,68600000,71600000,2.95e+08,9970000,38300000,2.05e+08,32900000,6.3e+07,64600000,22700000,1.51e+08
"ST002681","AN004354","Reversed phase NEGATIVE ION MODE","Octadecanoic acid","ME634174","Stearic acid","AU",190000,202000,113000,64700,87400,175000,246000,211000,131000,133000,256000,179000,102000,171000,88700,509000,231000,59100,76100,133000,142000,166000,139000,260000,189000,168000,89600,37600,115000,161000,116000,313000,190000,173000,306000,481000,127000,346000,123000,133000,85900,155000,125000,272000,229000,207000,131000,154000,407000,139000,152000,295000,359000,172000,442000,281000,332000,71600,85300,120000,126000,224000,156000,154000,390000,8940000,16400000,73500000,45800000,17500000,15100000,59200000,8290000,18100000,11600000,56700000,51200000,8300000,13800000,21900000,24800000,59800000,31200000,13200000,46200000,10900000,13600000,22500000,62100000,15600000,1.4e+07,10800000,9860000,49600000,19700000,8730000,19400000,12300000,13200000,19800000,66900000,62400000,54200000,13900000,11500000,53400000,48700000,10700000,6.6e+07,12100000,16800000,16200000,56900000,32400000,12400000,11500000,53400000,52200000,5.7e+07,24500000,37900000,60500000,4820000,15700000,76600000,1.5e+07,11600000,14200000,11100000,60400000
"ST002681","AN004354","Reversed phase NEGATIVE ION MODE","Octadecatrienoic acid","ME634179","Octadecatrienoic acid","AU",190000,202000,113000,64700,87400,175000,246000,211000,131000,133000,256000,179000,102000,171000,88700,509000,231000,59100,76100,133000,142000,166000,139000,260000,189000,168000,89600,37600,115000,161000,116000,313000,190000,173000,306000,481000,127000,346000,123000,133000,85900,155000,125000,272000,229000,207000,131000,154000,407000,139000,152000,295000,359000,172000,442000,281000,332000,71600,85300,120000,126000,224000,156000,154000,390000,2860000,2420000,6700000,17100000,2730000,3520000,5510000,1870000,4750000,3820000,11900000,18300000,2770000,3090000,3590000,6250000,6750000,5620000,1700000,14500000,826000,2600000,3960000,18700000,2510000,3170000,2160000,413000,4490000,2370000,492000,7230000,4410000,1220000,1920000,11700000,24200000,26400000,1140000,804000,10700000,11100000,892000,16700000,1030000,3730000,2160000,7330000,5370000,1700000,1140000,7250000,2090000,10400000,4410000,3210000,27600000,357000,2020000,15800000,3190000,4680000,4870000,883000,1.2e+07
"ST002681","AN004354","Reversed phase NEGATIVE ION MODE","Octadecenoic acid","ME634177","Octadecenoic acid","AU",190000,202000,113000,64700,87400,175000,246000,211000,131000,133000,256000,179000,102000,171000,88700,509000,231000,59100,76100,133000,142000,166000,139000,260000,189000,168000,89600,37600,115000,161000,116000,313000,190000,173000,306000,481000,127000,346000,123000,133000,85900,155000,125000,272000,229000,207000,131000,154000,407000,139000,152000,295000,359000,172000,442000,281000,332000,71600,85300,120000,126000,224000,156000,154000,390000,66700000,4.9e+07,1.33e+08,2.65e+08,65600000,64100000,1.78e+08,30800000,86500000,53100000,1.63e+08,2.05e+08,68300000,72100000,8.9e+07,1.29e+08,1.99e+08,62100000,36700000,98400000,45100000,43800000,1.07e+08,2.62e+08,60800000,60900000,59600000,1.7e+07,1.24e+08,70300000,19900000,1.04e+08,6.7e+07,67700000,68700000,1.72e+08,3.08e+08,2.15e+08,41800000,43100000,1.35e+08,1.93e+08,51600000,1.69e+08,35400000,73900000,88300000,1.77e+08,1.48e+08,31300000,45800000,2.31e+08,1.08e+08,1.52e+08,1.14e+08,1.19e+08,2.09e+08,14800000,91600000,2.31e+08,34400000,51300000,69100000,48800000,2.16e+08
"ST002681","AN004354","Reversed phase NEGATIVE ION MODE","Octanoic acid (caprylate)","ME634169","Caprylic acid","AU",190000,202000,113000,64700,87400,175000,246000,211000,131000,133000,256000,179000,102000,171000,88700,509000,231000,59100,76100,133000,142000,166000,139000,260000,189000,168000,89600,37600,115000,161000,116000,313000,190000,173000,306000,481000,127000,346000,123000,133000,85900,155000,125000,272000,229000,207000,131000,154000,407000,139000,152000,295000,359000,172000,442000,281000,332000,71600,85300,120000,126000,224000,156000,154000,390000,498000,959000,1390000,1240000,996000,1060000,2070000,785000,974000,734000,4320000,2320000,387000,758000,402000,1130000,1860000,935000,897000,2650000,919000,1270000,1020000,2160000,914000,791000,616000,513000,1480000,1200000,820000,903000,1010000,1040000,879000,8980000,1870000,2170000,1050000,1030000,1800000,2090000,694000,2320000,1030000,695000,926000,1550000,1090000,641000,772000,1530000,2570000,1770000,1020000,1760000,1700000,725000,684000,2330000,957000,851000,809000,864000,2180000
"ST002681","AN004354","Reversed phase NEGATIVE ION MODE","Pantothenol","ME634157","Pantothenol","AU",190000,202000,113000,64700,87400,175000,246000,211000,131000,133000,256000,179000,102000,171000,88700,509000,231000,59100,76100,133000,142000,166000,139000,260000,189000,168000,89600,37600,115000,161000,116000,313000,190000,173000,306000,481000,127000,346000,123000,133000,85900,155000,125000,272000,229000,207000,131000,154000,407000,139000,152000,295000,359000,172000,442000,281000,332000,71600,85300,120000,126000,224000,156000,154000,390000,57300,44400,72300,78600,27400,23700,108000,33100,32900,34900,61000,90300,23900,28900,59800,122000,131000,94500,28000,86200,16200,18400,77400,77400,22400,31400,36000,18900,120000,51500,17000,85100,25900,34700,64100,134000,250000,234000,51100,28200,81300,98500,22600,135000,32200,45600,28200,157000,73700,27200,52900,142000,97800,176000,52000,165000,141000,60300,29900,136000,33700,20000,31800,27900,189000
"ST002681","AN004354","Reversed phase NEGATIVE ION MODE","Phosphoenolpyruvate","ME634135","Phosphoenolpyruvic acid","AU",190000,202000,113000,64700,87400,175000,246000,211000,131000,133000,256000,179000,102000,171000,88700,509000,231000,59100,76100,133000,142000,166000,139000,260000,189000,168000,89600,37600,115000,161000,116000,313000,190000,173000,306000,481000,127000,346000,123000,133000,85900,155000,125000,272000,229000,207000,131000,154000,407000,139000,152000,295000,359000,172000,442000,281000,332000,71600,85300,120000,126000,224000,156000,154000,390000,24000,1320,5070,36800,2240,928,728,6510,4840,18900,953,11300,31600,5090,52700,4060,1430,88900,1100,5940,1610,922,45500,915,1140,7250,21100,25200,16100,3320,5540,880,771,3600,13100,13300,14100,872,1870,2310,750,5990,18800,14000,4760,10600,3540,3970,10200,14000,9060,13500,31300,11200,661,40700,17500,3690,12900,1790,924,598,11100,4590,1660
"ST002681","AN004354","Reversed phase NEGATIVE ION MODE","Phosphoethanolamine","ME634166","Phosphoethanolamine","AU",190000,202000,113000,64700,87400,175000,246000,211000,131000,133000,256000,179000,102000,171000,88700,509000,231000,59100,76100,133000,142000,166000,139000,260000,189000,168000,89600,37600,115000,161000,116000,313000,190000,173000,306000,481000,127000,346000,123000,133000,85900,155000,125000,272000,229000,207000,131000,154000,407000,139000,152000,295000,359000,172000,442000,281000,332000,71600,85300,120000,126000,224000,156000,154000,390000,32600,9950,93900,60000,3320,38000,87900,32000,42200,15100,99300,124000,82000,88100,135000,85200,138000,652000,65900,115000,31900,16400,130000,136000,29200,47500,83000,17500,137000,31300,33300,21400,40600,44500,69400,462000,874000,210000,83300,161000,297000,283000,81300,254000,70800,172000,74700,161000,1070000,31100,143000,296000,319000,222000,79200,398000,7e+05,35300,38700,761000,NA,17000,203000,71100,196000
"ST002681","AN004354","Reversed phase NEGATIVE ION MODE","Picolinic acid","ME634163","Picolinic acid","AU",190000,202000,113000,64700,87400,175000,246000,211000,131000,133000,256000,179000,102000,171000,88700,509000,231000,59100,76100,133000,142000,166000,139000,260000,189000,168000,89600,37600,115000,161000,116000,313000,190000,173000,306000,481000,127000,346000,123000,133000,85900,155000,125000,272000,229000,207000,131000,154000,407000,139000,152000,295000,359000,172000,442000,281000,332000,71600,85300,120000,126000,224000,156000,154000,390000,7390,6880,16200,20500,12500,13100,20900,13400,12200,17200,33200,29700,14100,NA,15800,29500,18500,23000,15700,13000,19900,14300,13900,23600,8780,12000,11400,9200,66300,17400,NA,19100,7580,16200,23500,35400,72700,30000,18400,NA,32800,28700,14400,15800,12100,12400,69900,25200,27900,20200,26100,21200,75500,85400,14800,13900,13200,19500,17300,39700,15200,NA,21800,17600,17600
"ST002681","AN004354","Reversed phase NEGATIVE ION MODE","pipecolate","ME634203","Pipecolic acid","AU",190000,202000,113000,64700,87400,175000,246000,211000,131000,133000,256000,179000,102000,171000,88700,509000,231000,59100,76100,133000,142000,166000,139000,260000,189000,168000,89600,37600,115000,161000,116000,313000,190000,173000,306000,481000,127000,346000,123000,133000,85900,155000,125000,272000,229000,207000,131000,154000,407000,139000,152000,295000,359000,172000,442000,281000,332000,71600,85300,120000,126000,224000,156000,154000,390000,148000,178000,232000,502000,130000,90600,364000,184000,178000,113000,606000,323000,180000,118000,308000,319000,324000,262000,242000,356000,80100,171000,417000,368000,285000,250000,125000,93600,301000,169000,169000,421000,171000,204000,243000,74700,375000,234000,196000,102000,280000,418000,103000,417000,139000,171000,190000,367000,250000,198000,347000,333000,202000,182000,102000,575000,324000,127000,81400,198000,205000,127000,88200,108000,172000
"ST002681","AN004354","Reversed phase NEGATIVE ION MODE","Propiote","ME634153","","AU",190000,202000,113000,64700,87400,175000,246000,211000,131000,133000,256000,179000,102000,171000,88700,509000,231000,59100,76100,133000,142000,166000,139000,260000,189000,168000,89600,37600,115000,161000,116000,313000,190000,173000,306000,481000,127000,346000,123000,133000,85900,155000,125000,272000,229000,207000,131000,154000,407000,139000,152000,295000,359000,172000,442000,281000,332000,71600,85300,120000,126000,224000,156000,154000,390000,96200,95700,195000,152000,122000,143000,223000,101000,112000,91300,206000,191000,86700,101000,115000,172000,135000,145000,141000,177000,74600,99600,136000,210000,109000,107000,80900,56900,188000,117000,116000,121000,101000,142000,136000,238000,262000,179000,124000,117000,205000,259000,54700,241000,97700,90600,120000,212000,196000,87900,159000,289000,194000,223000,229000,191000,216000,98900,199000,337000,111000,123000,140000,185000,287000
"ST002681","AN004354","Reversed phase NEGATIVE ION MODE","Prostaglandin A2/B2","ME634195","","AU",190000,202000,113000,64700,87400,175000,246000,211000,131000,133000,256000,179000,102000,171000,88700,509000,231000,59100,76100,133000,142000,166000,139000,260000,189000,168000,89600,37600,115000,161000,116000,313000,190000,173000,306000,481000,127000,346000,123000,133000,85900,155000,125000,272000,229000,207000,131000,154000,407000,139000,152000,295000,359000,172000,442000,281000,332000,71600,85300,120000,126000,224000,156000,154000,390000,23300,23000,35400,45200,23700,29000,49300,32300,29600,22300,45500,33800,25400,22600,14900,39500,48400,29700,26600,64800,24400,46000,24200,25200,31300,29400,26500,24800,65900,30100,29500,114000,21700,29000,36500,54700,86400,78500,31400,25800,105000,55100,27200,72300,31400,26100,35800,72700,32400,29100,30200,51400,85000,75000,47200,76300,59500,25000,23900,158000,19600,25700,25700,30000,62700
"ST002681","AN004354","Reversed phase NEGATIVE ION MODE","Prostaglandin D2/Thromboxane A2 (isobars)","ME634196","","AU",190000,202000,113000,64700,87400,175000,246000,211000,131000,133000,256000,179000,102000,171000,88700,509000,231000,59100,76100,133000,142000,166000,139000,260000,189000,168000,89600,37600,115000,161000,116000,313000,190000,173000,306000,481000,127000,346000,123000,133000,85900,155000,125000,272000,229000,207000,131000,154000,407000,139000,152000,295000,359000,172000,442000,281000,332000,71600,85300,120000,126000,224000,156000,154000,390000,240000,265000,574000,481000,324000,290000,465000,303000,513000,306000,452000,406000,281000,448000,351000,386000,466000,238000,217000,385000,262000,239000,309000,399000,332000,376000,329000,179000,461000,413000,197000,284000,351000,263000,337000,426000,410000,378000,352000,3e+05,441000,557000,344000,380000,290000,427000,424000,517000,445000,306000,319000,591000,375000,537000,463000,496000,545000,179000,420000,580000,295000,281000,421000,291000,417000
"ST002681","AN004354","Reversed phase NEGATIVE ION MODE","Prostaglandin E3/D3 (isobars)","ME634198","","AU",190000,202000,113000,64700,87400,175000,246000,211000,131000,133000,256000,179000,102000,171000,88700,509000,231000,59100,76100,133000,142000,166000,139000,260000,189000,168000,89600,37600,115000,161000,116000,313000,190000,173000,306000,481000,127000,346000,123000,133000,85900,155000,125000,272000,229000,207000,131000,154000,407000,139000,152000,295000,359000,172000,442000,281000,332000,71600,85300,120000,126000,224000,156000,154000,390000,80400,20900,117000,259000,45300,71700,90600,26800,62700,51900,119000,120000,75700,82700,85400,128000,167000,49600,13400,44000,58400,45500,106000,169000,67600,72800,66800,18800,73900,28000,18100,52900,78200,83500,24500,118000,179000,191000,20600,29400,112000,122000,56900,126000,24300,30700,116000,171000,124000,18700,26100,168000,75600,113000,62900,61800,119000,15900,40200,173000,26100,30600,41300,38700,107000
"ST002681","AN004354","Reversed phase NEGATIVE ION MODE","Prostaglandin F2alpha/beta/D1 (isobars)","ME634197","","AU",190000,202000,113000,64700,87400,175000,246000,211000,131000,133000,256000,179000,102000,171000,88700,509000,231000,59100,76100,133000,142000,166000,139000,260000,189000,168000,89600,37600,115000,161000,116000,313000,190000,173000,306000,481000,127000,346000,123000,133000,85900,155000,125000,272000,229000,207000,131000,154000,407000,139000,152000,295000,359000,172000,442000,281000,332000,71600,85300,120000,126000,224000,156000,154000,390000,6770,3730,14400,23200,8230,5460,21100,6560,6840,5620,21800,19300,4580,3380,9340,19900,20100,13800,10300,42000,2790,5070,10300,15100,5210,5920,3490,1980,30600,6930,4070,5940,1710,4810,8440,43600,83500,41300,3110,4240,31200,23700,4040,40600,3090,10300,6580,20100,10900,2040,10900,23700,36100,36200,12200,48500,43700,4590,5830,17100,2130,3720,3120,2360,47100
"ST002681","AN004354","Reversed phase NEGATIVE ION MODE","Prostaglandin G2","ME634199","PGG2","AU",190000,202000,113000,64700,87400,175000,246000,211000,131000,133000,256000,179000,102000,171000,88700,509000,231000,59100,76100,133000,142000,166000,139000,260000,189000,168000,89600,37600,115000,161000,116000,313000,190000,173000,306000,481000,127000,346000,123000,133000,85900,155000,125000,272000,229000,207000,131000,154000,407000,139000,152000,295000,359000,172000,442000,281000,332000,71600,85300,120000,126000,224000,156000,154000,390000,13700,80100,82200,52900,17300,20300,30400,18600,14900,18400,34200,34900,10700,16000,29000,30700,30900,26400,19200,46900,NA,20500,32100,30000,17900,21600,19300,19300,29800,22000,18200,NA,NA,17200,28200,50600,36400,41900,13700,19800,49100,28000,19900,23900,18100,18000,17100,49200,27200,18200,17200,28200,29000,28500,24500,24200,29000,17400,18000,27900,NA,14600,130000,16300,51300
"ST002681","AN004354","Reversed phase NEGATIVE ION MODE","Pyridoxal","ME634128","Pyridoxal","AU",190000,202000,113000,64700,87400,175000,246000,211000,131000,133000,256000,179000,102000,171000,88700,509000,231000,59100,76100,133000,142000,166000,139000,260000,189000,168000,89600,37600,115000,161000,116000,313000,190000,173000,306000,481000,127000,346000,123000,133000,85900,155000,125000,272000,229000,207000,131000,154000,407000,139000,152000,295000,359000,172000,442000,281000,332000,71600,85300,120000,126000,224000,156000,154000,390000,1220,1170,1580,775,1060,9080,882,1430,1190,1530,6370,38200,1230,2590,950,1260,594,1160,5280,858,1030,1710,1050,750,1110,1320,12700,665,939,2770,2690,2520,1200,1130,2760,1120,89700,8420,754,1800,893,521,901,605,1900,4100,192000,5740,6600,2060,67200,15400,5720,24500,1170,1150,1460,2380,1250,128000,1580,1630,1230,1140,1050
"ST002681","AN004354","Reversed phase NEGATIVE ION MODE","Pyruvate","ME634136","Pyruvic acid","AU",190000,202000,113000,64700,87400,175000,246000,211000,131000,133000,256000,179000,102000,171000,88700,509000,231000,59100,76100,133000,142000,166000,139000,260000,189000,168000,89600,37600,115000,161000,116000,313000,190000,173000,306000,481000,127000,346000,123000,133000,85900,155000,125000,272000,229000,207000,131000,154000,407000,139000,152000,295000,359000,172000,442000,281000,332000,71600,85300,120000,126000,224000,156000,154000,390000,2320000,1660000,3820000,7500000,1500000,2050000,4250000,787000,1690000,1320000,5740000,5820000,2620000,2880000,2020000,4210000,8970000,4320000,5480000,5340000,820000,1e+06,3850000,3530000,2070000,2480000,2410000,1340000,6e+06,2020000,2130000,3390000,1650000,1710000,2010000,3610000,2510000,4950000,1490000,785000,3780000,3130000,2030000,13100000,1190000,714000,1030000,3620000,2890000,2740000,1070000,6420000,3050000,3100000,1520000,5180000,2830000,741000,1270000,4150000,3990000,730000,1380000,1370000,3920000
"ST002681","AN004354","Reversed phase NEGATIVE ION MODE","(R)-S-Lactoylglutathione","ME634161","S-Lactoylglutathione","AU",190000,202000,113000,64700,87400,175000,246000,211000,131000,133000,256000,179000,102000,171000,88700,509000,231000,59100,76100,133000,142000,166000,139000,260000,189000,168000,89600,37600,115000,161000,116000,313000,190000,173000,306000,481000,127000,346000,123000,133000,85900,155000,125000,272000,229000,207000,131000,154000,407000,139000,152000,295000,359000,172000,442000,281000,332000,71600,85300,120000,126000,224000,156000,154000,390000,3540,14400,23400,46500,8500,NA,28200,14200,9430,1030,31900,29400,7350,5140,29500,NA,90800,38200,11400,96700,1270,3080,37700,29700,NA,NA,8830,17900,83000,9770,9040,5240,6490,3190,16600,56500,48300,48000,2940,5500,98700,13700,7080,135000,8230,3480,4710,50800,28600,12300,27200,93400,72400,42900,5120,75200,32800,11700,16100,24100,7870,4870,11000,11100,96200
"ST002681","AN004354","Reversed phase NEGATIVE ION MODE","(S)(+)-Allantoin","ME634126","Allantoin","AU",190000,202000,113000,64700,87400,175000,246000,211000,131000,133000,256000,179000,102000,171000,88700,509000,231000,59100,76100,133000,142000,166000,139000,260000,189000,168000,89600,37600,115000,161000,116000,313000,190000,173000,306000,481000,127000,346000,123000,133000,85900,155000,125000,272000,229000,207000,131000,154000,407000,139000,152000,295000,359000,172000,442000,281000,332000,71600,85300,120000,126000,224000,156000,154000,390000,22100,13200,16100,29300,40700,15500,31300,6880,17200,1850,45600,11600,4750,14600,8060,25200,14700,11500,24300,35300,5700,11700,16900,35900,5100,11900,35200,12200,19700,15000,14000,26300,17000,23300,50300,136000,41900,61400,45900,11200,32500,36700,11500,20900,16200,39500,22000,28600,30700,19400,55600,35100,37900,105000,53100,43000,77100,58100,5840,30200,25800,25400,20700,26700,54900
"ST002681","AN004354","Reversed phase NEGATIVE ION MODE","sn-glycero-3-Phosphoethanolamine","ME634164","sn-Glycero-3-phosphoethanolamine","AU",190000,202000,113000,64700,87400,175000,246000,211000,131000,133000,256000,179000,102000,171000,88700,509000,231000,59100,76100,133000,142000,166000,139000,260000,189000,168000,89600,37600,115000,161000,116000,313000,190000,173000,306000,481000,127000,346000,123000,133000,85900,155000,125000,272000,229000,207000,131000,154000,407000,139000,152000,295000,359000,172000,442000,281000,332000,71600,85300,120000,126000,224000,156000,154000,390000,32500,14900,44600,44400,22300,11600,84400,16100,27400,17400,66200,34400,33800,33100,67200,48000,138000,119000,39000,68700,22000,17700,53900,72700,18200,29800,83200,17300,137000,36700,38000,35600,37700,30800,48900,191000,242000,90500,48900,62100,63100,117000,31900,67900,34900,76900,57600,135000,172000,34200,94000,120000,92300,95800,121000,187000,197000,27000,37200,264000,22600,30600,94100,48400,171000
"ST002681","AN004354","Reversed phase NEGATIVE ION MODE","Sphingosine 1-phosphate","ME634201","Sphingosine 1-phosphate","AU",190000,202000,113000,64700,87400,175000,246000,211000,131000,133000,256000,179000,102000,171000,88700,509000,231000,59100,76100,133000,142000,166000,139000,260000,189000,168000,89600,37600,115000,161000,116000,313000,190000,173000,306000,481000,127000,346000,123000,133000,85900,155000,125000,272000,229000,207000,131000,154000,407000,139000,152000,295000,359000,172000,442000,281000,332000,71600,85300,120000,126000,224000,156000,154000,390000,179000,129000,117000,358000,99300,604000,507000,351000,116000,106000,780000,604000,677000,116000,640000,97700,586000,142000,262000,469000,154000,191000,433000,388000,199000,1220000,77900,139000,391000,120000,132000,878000,84800,121000,320000,592000,962000,549000,89400,101000,525000,487000,90500,548000,283000,1370000,85400,119000,245000,106000,356000,70900,417000,641000,98100,183000,541000,163000,711000,108000,156000,967000,229000,824000,924000
"ST002681","AN004354","Reversed phase NEGATIVE ION MODE","Succite","ME634146","Succinic acid","AU",190000,202000,113000,64700,87400,175000,246000,211000,131000,133000,256000,179000,102000,171000,88700,509000,231000,59100,76100,133000,142000,166000,139000,260000,189000,168000,89600,37600,115000,161000,116000,313000,190000,173000,306000,481000,127000,346000,123000,133000,85900,155000,125000,272000,229000,207000,131000,154000,407000,139000,152000,295000,359000,172000,442000,281000,332000,71600,85300,120000,126000,224000,156000,154000,390000,297000,384000,791000,1060000,274000,896000,9e+05,362000,421000,263000,1250000,1140000,207000,424000,591000,759000,1120000,1040000,678000,915000,384000,561000,748000,1230000,529000,479000,412000,274000,968000,692000,237000,527000,378000,615000,393000,1350000,1110000,1550000,5e+05,501000,1500000,1e+06,294000,961000,419000,456000,544000,1030000,1130000,381000,432000,1160000,1060000,1070000,708000,1470000,1180000,360000,457000,1680000,710000,355000,708000,619000,960000
"ST002681","AN004354","Reversed phase NEGATIVE ION MODE","Taurochenodeoxycholate/Tauroursodeoxycholate","ME634189","","AU",190000,202000,113000,64700,87400,175000,246000,211000,131000,133000,256000,179000,102000,171000,88700,509000,231000,59100,76100,133000,142000,166000,139000,260000,189000,168000,89600,37600,115000,161000,116000,313000,190000,173000,306000,481000,127000,346000,123000,133000,85900,155000,125000,272000,229000,207000,131000,154000,407000,139000,152000,295000,359000,172000,442000,281000,332000,71600,85300,120000,126000,224000,156000,154000,390000,18500,17800,4820,119000,3660,22000,19400,5160,6310,1030,92500,27500,9950,49900,164000,121000,49000,70500,54800,1390000,NA,2870,345000,62800,2510,64300,15000,63900,533000,26300,6710,16400,5010,4290,9850,978000,50600,19200,28200,2720,41600,40200,1160,23600,1340,2460,97400,4330,19100,3200,24300,645000,257000,135000,31500,57600,5630,20900,18800,19200,59900,857,14200,6450,231000
"ST002681","AN004354","Reversed phase NEGATIVE ION MODE","Taurocholate","ME634188","Taurocholic acid","AU",190000,202000,113000,64700,87400,175000,246000,211000,131000,133000,256000,179000,102000,171000,88700,509000,231000,59100,76100,133000,142000,166000,139000,260000,189000,168000,89600,37600,115000,161000,116000,313000,190000,173000,306000,481000,127000,346000,123000,133000,85900,155000,125000,272000,229000,207000,131000,154000,407000,139000,152000,295000,359000,172000,442000,281000,332000,71600,85300,120000,126000,224000,156000,154000,390000,4820,14100,695,22700,1870,6520,10600,1620,634,2780,17200,5060,2730,8930,29000,4850,3090,13200,12100,650000,NA,696,33700,15400,825,16400,5870,39100,66300,6070,2240,3660,1430,6970,3240,1010000,6130,2250,3300,11600,3720,4400,464,2220,NA,NA,34400,1200,1490,NA,16600,159000,68900,25100,5500,4870,NA,9690,912,1990,11700,NA,4750,4720,32700
"ST002681","AN004354","Reversed phase NEGATIVE ION MODE","Tetradecanoic acid","ME634172","Myristic acid","AU",190000,202000,113000,64700,87400,175000,246000,211000,131000,133000,256000,179000,102000,171000,88700,509000,231000,59100,76100,133000,142000,166000,139000,260000,189000,168000,89600,37600,115000,161000,116000,313000,190000,173000,306000,481000,127000,346000,123000,133000,85900,155000,125000,272000,229000,207000,131000,154000,407000,139000,152000,295000,359000,172000,442000,281000,332000,71600,85300,120000,126000,224000,156000,154000,390000,4570000,4360000,24100000,24700000,5680000,7300000,15900000,3990000,6580000,8520000,32800000,26400000,4820000,9780000,8770000,1.5e+07,22300000,9920000,3730000,22100000,4080000,4500000,9580000,28400000,6270000,6070000,6290000,3100000,16500000,6520000,2980000,6530000,15600000,8320000,6670000,6.7e+07,22900000,30600000,4170000,3870000,1.8e+07,19900000,5500000,20200000,3980000,7550000,9510000,21700000,11800000,3750000,4310000,30800000,12800000,18300000,9160000,10900000,28800000,2070000,6370000,26500000,3880000,4580000,8910000,4770000,30200000
"ST002681","AN004354","Reversed phase NEGATIVE ION MODE","Tetradecenoic acid","ME634175","Tetradecenoic acid","AU",190000,202000,113000,64700,87400,175000,246000,211000,131000,133000,256000,179000,102000,171000,88700,509000,231000,59100,76100,133000,142000,166000,139000,260000,189000,168000,89600,37600,115000,161000,116000,313000,190000,173000,306000,481000,127000,346000,123000,133000,85900,155000,125000,272000,229000,207000,131000,154000,407000,139000,152000,295000,359000,172000,442000,281000,332000,71600,85300,120000,126000,224000,156000,154000,390000,689000,172000,1880000,3170000,611000,753000,1220000,366000,1020000,966000,2670000,3530000,739000,814000,1150000,2500000,1610000,1260000,238000,1580000,534000,1220000,3260000,3030000,769000,659000,983000,156000,787000,533000,231000,1140000,1090000,851000,389000,2720000,3490000,2860000,230000,282000,1380000,1480000,676000,1980000,359000,432000,1110000,1500000,2510000,186000,373000,2040000,652000,1480000,506000,1020000,1980000,123000,703000,3390000,247000,370000,688000,530000,2140000
"ST002681","AN004354","Reversed phase NEGATIVE ION MODE","Thiocysteine","ME634159","Thiocysteine","AU",190000,202000,113000,64700,87400,175000,246000,211000,131000,133000,256000,179000,102000,171000,88700,509000,231000,59100,76100,133000,142000,166000,139000,260000,189000,168000,89600,37600,115000,161000,116000,313000,190000,173000,306000,481000,127000,346000,123000,133000,85900,155000,125000,272000,229000,207000,131000,154000,407000,139000,152000,295000,359000,172000,442000,281000,332000,71600,85300,120000,126000,224000,156000,154000,390000,8260,5620,20300,NA,5160,9760,NA,3330,747,NA,NA,NA,4240,9190,NA,17400,NA,NA,2340,NA,2780,2840,4940,12100,10700,996,1830,1570,NA,9900,5450,3240,7280,1530,8530,NA,28700,9840,4950,2810,NA,NA,19700,NA,979,10300,6230,NA,NA,22000,11100,27100,NA,NA,6250,NA,NA,25800,7420,NA,4790,2550,3250,827,NA
"ST002681","AN004354","Reversed phase NEGATIVE ION MODE","Thiosulfate","ME634160","Thiosulfuric acid","AU",190000,202000,113000,64700,87400,175000,246000,211000,131000,133000,256000,179000,102000,171000,88700,509000,231000,59100,76100,133000,142000,166000,139000,260000,189000,168000,89600,37600,115000,161000,116000,313000,190000,173000,306000,481000,127000,346000,123000,133000,85900,155000,125000,272000,229000,207000,131000,154000,407000,139000,152000,295000,359000,172000,442000,281000,332000,71600,85300,120000,126000,224000,156000,154000,390000,7970,15100,NA,80800,NA,20900,71200,NA,NA,11500,101000,101000,10600,NA,37200,53600,34700,103000,25800,20700,7730,13300,56500,NA,16200,NA,13700,12800,103000,NA,12700,17800,19300,NA,NA,58400,NA,72400,NA,NA,94000,49600,21100,NA,12500,9680,18800,36100,104000,11700,59500,95400,NA,163000,NA,99400,20700,9100,315,72900,36300,260000,15700,33100,NA
"ST002681","AN004354","Reversed phase NEGATIVE ION MODE","UDP","ME634122","UDP","AU",190000,202000,113000,64700,87400,175000,246000,211000,131000,133000,256000,179000,102000,171000,88700,509000,231000,59100,76100,133000,142000,166000,139000,260000,189000,168000,89600,37600,115000,161000,116000,313000,190000,173000,306000,481000,127000,346000,123000,133000,85900,155000,125000,272000,229000,207000,131000,154000,407000,139000,152000,295000,359000,172000,442000,281000,332000,71600,85300,120000,126000,224000,156000,154000,390000,709000,1910000,2220000,673000,2170000,2120000,2410000,1950000,1940000,878000,2710000,2360000,783000,1850000,469000,2650000,2300000,299000,1910000,2480000,1670000,2110000,585000,2100000,2200000,1800000,953000,626000,2140000,2160000,2010000,2630000,2020000,1950000,1600000,2380000,2250000,2700000,2270000,1670000,2710000,2350000,835000,2340000,1670000,1590000,1980000,2070000,2250000,967000,1700000,1380000,2640000,2280000,2180000,1790000,2e+06,2160000,1100000,2860000,1990000,2680000,1500000,2060000,2960000
"ST002681","AN004354","Reversed phase NEGATIVE ION MODE","UMP","ME634123","UMP","AU",190000,202000,113000,64700,87400,175000,246000,211000,131000,133000,256000,179000,102000,171000,88700,509000,231000,59100,76100,133000,142000,166000,139000,260000,189000,168000,89600,37600,115000,161000,116000,313000,190000,173000,306000,481000,127000,346000,123000,133000,85900,155000,125000,272000,229000,207000,131000,154000,407000,139000,152000,295000,359000,172000,442000,281000,332000,71600,85300,120000,126000,224000,156000,154000,390000,3010,NA,2260,462,345,NA,NA,NA,1160,487,NA,NA,2130,NA,3600,NA,NA,574,NA,2860,379,NA,6000,333,1050,398,397,439,NA,NA,NA,NA,NA,NA,501,23400,28500,NA,NA,320,NA,NA,473,NA,432,13000,NA,825,28100,NA,394,1650,NA,21100,NA,NA,43000,NA,NA,10900,NA,NA,7390,NA,20900
"ST002681","AN004354","Reversed phase NEGATIVE ION MODE","Urate","ME634127","Uric acid","AU",190000,202000,113000,64700,87400,175000,246000,211000,131000,133000,256000,179000,102000,171000,88700,509000,231000,59100,76100,133000,142000,166000,139000,260000,189000,168000,89600,37600,115000,161000,116000,313000,190000,173000,306000,481000,127000,346000,123000,133000,85900,155000,125000,272000,229000,207000,131000,154000,407000,139000,152000,295000,359000,172000,442000,281000,332000,71600,85300,120000,126000,224000,156000,154000,390000,34800000,6300000,96100000,1.2e+08,10900000,7770000,86300000,15900000,14800000,28300000,78500000,91600000,24600000,15400000,50700000,43700000,1.02e+08,87600000,11200000,96800000,3660000,6140000,88900000,83600000,4400000,25500000,36300000,2.3e+07,1.37e+08,39700000,10700000,16700000,6990000,13500000,58400000,1.09e+08,63600000,1.21e+08,1.2e+07,5810000,89400000,1.07e+08,18400000,87800000,1.3e+07,37600000,19700000,79400000,64100000,32800000,48600000,1.25e+08,1.07e+08,1.54e+08,10200000,85500000,1.12e+08,16900000,28200000,1.21e+08,10900000,9380000,21100000,1.1e+07,8.8e+07
